createdBy,partname
,,
			M3SSB@INFORBC.COM
		
,,
			M3SSB@INFORBC.COM
		
,,
			M3SSB@INFORBC.COM
		
,,
			M3SSB@INFORBC.COM
		
,,
			M3SSB@INFORBC.COM
		
,,
			M3SSB@INFORBC.COM
		
,,
			M3SSB@INFORBC.COM
		
,,
			M3SSB@INFORBC.COM
		
,,
			M3SSB@INFORBC.COM
		
,,
			M3SSB@INFORBC.COM
		
,,
			M3SSB@INFORBC.COM
		
,,
			M3SSB@INFORBC.COM
		
,,
			M3SSB@INFORBC.COM
		
,,
			M3SSB@INFORBC.COM
		
,,
			M3SSB@INFORBC.COM
		
,,
			M3SSB@INFORBC.COM
		
,,
			M3SSB@INFORBC.COM
		
,,
			M3SSB@INFORBC.COM
		
,,
			M3SSB@INFORBC.COM
		
,,
			M3SSB@INFORBC.COM
		
,,
			M3SSB@INFORBC.COM
		
,,
			M3SSB@INFORBC.COM
		
,,
			M3SSB@INFORBC.COM
		
,,
			M3SSB@INFORBC.COM
		
,,
			M3SSB@INFORBC.COM
		
,,
			M3SSB@INFORBC.COM
		
,,
			M3SSB@INFORBC.COM
		
,,
			M3SSB@INFORBC.COM
		
,,
			M3SSB@INFORBC.COM
		
,,
			M3SSB@INFORBC.COM
		
,,
			M3SSB@INFORBC.COM
		
,,
			M3SSB@INFORBC.COM
		
,,
			M3SSB@INFORBC.COM
		
,,
			M3SSB@INFORBC.COM
		
,,
			M3SSB@INFORBC.COM
		
,,
			M3SSB@INFORBC.COM
		
,,
			M3SSB@INFORBC.COM
		
,,
			M3SSB@INFORBC.COM
		
,,
			M3SSB@INFORBC.COM
		
,,
			M3SSB@INFORBC.COM
		
,,
			M3SSB@INFORBC.COM
		
,,
			M3SSB@INFORBC.COM
		
,,
			M3SSB@INFORBC.COM
		
,,
			M3SSB@INFORBC.COM
		
,,
			M3SSB@INFORBC.COM
		
,,
			M3SSB@INFORBC.COM
		
,,
			M3SSB@INFORBC.COM
		
,,
			M3SSB@INFORBC.COM
		
,,
			M3SSB@INFORBC.COM
		
,,
			M3SSB@INFORBC.COM
		
,,
			M3SSB@INFORBC.COM
		
,,
			M3SSB@INFORBC.COM
		
,,
			M3SSB@INFORBC.COM
		
,,
			M3SSB@INFORBC.COM
		
,,
			M3SSB@INFORBC.COM
		
,,
			M3SSB@INFORBC.COM
		
,,
			M3SSB@INFORBC.COM
		
,,
			M3SSB@INFORBC.COM
		
,,
			M3SSB@INFORBC.COM
		
,,
			M3SSB@INFORBC.COM
		
,,
			M3SSB@INFORBC.COM
		
,,
			M3SSB@INFORBC.COM
		
,,
			M3SSB@INFORBC.COM
		
,,
			M3SSB@INFORBC.COM
		
,,
			M3SSB@INFORBC.COM
		
,,
			M3SSB@INFORBC.COM
		
,,
			M3SSB@INFORBC.COM
		
,,
			M3SSB@INFORBC.COM
		
,,
			M3SSB@INFORBC.COM
		
,,
			M3SSB@INFORBC.COM
		
,,
			M3SSB@INFORBC.COM
		
,,
			M3SSB@INFORBC.COM
		
,,
			M3SSB@INFORBC.COM
		
,,
			M3SSB@INFORBC.COM
		
,,
			M3SSB@INFORBC.COM
		
,,
			M3SSB@INFORBC.COM
		
,,
			M3SSB@INFORBC.COM
		
,,
			M3SSB@INFORBC.COM
		
,,
			M3SSB@INFORBC.COM
		
,,
			M3SSB@INFORBC.COM
		
,,
			M3SSB@INFORBC.COM
		
,,
			M3SSB@INFORBC.COM
		
,,
			M3SSB@INFORBC.COM
		
,,
			M3SSB@INFORBC.COM
		
,,
			M3SSB@INFORBC.COM
		
,,
			M3SSB@INFORBC.COM
		
,,
			M3SSB@INFORBC.COM
		
,,
			M3SSB@INFORBC.COM
		
,,
			M3SSB@INFORBC.COM
		
,,
			M3SSB@INFORBC.COM
		
,,
			M3SSB@INFORBC.COM
		
,,
			M3SSB@INFORBC.COM
		
,,
			M3SSB@INFORBC.COM
		
,,
			M3SSB@INFORBC.COM
		
,,
			M3SSB@INFORBC.COM
		
,,
			M3SSB@INFORBC.COM
		
,,
			M3SSB@INFORBC.COM
		
,,
			M3SSB@INFORBC.COM
		
,,
			M3SSB@INFORBC.COM
		
,,
			M3SSB@INFORBC.COM
		
,,
			M3SSB@INFORBC.COM
		
,,
			M3SSB@INFORBC.COM
		
,,
			M3SSB@INFORBC.COM
		
,,
			M3SSB@INFORBC.COM
		
,,
			M3SSB@INFORBC.COM
		
,,
			M3SSB@INFORBC.COM
		
,,
			M3SSB@INFORBC.COM
		
,,
			M3SSB@INFORBC.COM
		
,,
			M3SSB@INFORBC.COM
		
,,
			M3SSB@INFORBC.COM
		
,,
			M3SSB@INFORBC.COM
		
,,
			M3SSB@INFORBC.COM
		
,,
			M3SSB@INFORBC.COM
		
,,
			M3SSB@INFORBC.COM
		
,,
			M3SSB@INFORBC.COM
		
,,
			M3SSB@INFORBC.COM
		
,,
			M3SSB@INFORBC.COM
		
,,
			M3SSB@INFORBC.COM
		
,,
			M3SSB@INFORBC.COM
		
,,
			M3SSB@INFORBC.COM
		
,,
			M3SSB@INFORBC.COM
		
,,
			M3SSB@INFORBC.COM
		
,,
			M3SSB@INFORBC.COM
		
,,
			M3SSB@INFORBC.COM
		
,,
			M3SSB@INFORBC.COM
		
,,
			M3SSB@INFORBC.COM
		
,,
			M3SSB@INFORBC.COM
		
,,
			M3SSB@INFORBC.COM
		
,,
			M3SSB@INFORBC.COM
		
,,
			M3SSB@INFORBC.COM
		
,,
			M3SSB@INFORBC.COM
		
,,
			M3SSB@INFORBC.COM
		
,,
			M3SSB@INFORBC.COM
		
,,
			M3SSB@INFORBC.COM
		
,,
			M3SSB@INFORBC.COM
		
,,
			M3SSB@INFORBC.COM
		
,,
			M3SSB@INFORBC.COM
		
,,
			M3SSB@INFORBC.COM
		
,,
			M3SSB@INFORBC.COM
		
,,
			M3SSB@INFORBC.COM
		
,,
			M3SSB@INFORBC.COM
		
,,
			M3SSB@INFORBC.COM
		
,,
			M3SSB@INFORBC.COM
		
,,
			M3SSB@INFORBC.COM
		
,,
			M3SSB@INFORBC.COM
		
,,
			M3SSB@INFORBC.COM
		
,,
			M3SSB@INFORBC.COM
		
,,
			M3SSB@INFORBC.COM
		
,,
			M3SSB@INFORBC.COM
		
,,
			M3SSB@INFORBC.COM
		
,,
			M3SSB@INFORBC.COM
		
,,
			M3SSB@INFORBC.COM
		
,,
			M3SSB@INFORBC.COM
		
,,
			M3SSB@INFORBC.COM
		
,,
			M3SSB@INFORBC.COM
		
,,
			M3SSB@INFORBC.COM
		
,,
			M3SSB@INFORBC.COM
		
,,
			M3SSB@INFORBC.COM
		
,,
			M3SSB@INFORBC.COM
		
,,
			M3SSB@INFORBC.COM
		
,,
			M3SSB@INFORBC.COM
		
,,
			M3SSB@INFORBC.COM
		
,,
			M3SSB@INFORBC.COM
		
,,
			M3SSB@INFORBC.COM
		
,,
			M3SSB@INFORBC.COM
		
,,
			M3SSB@INFORBC.COM
		
,,
			M3SSB@INFORBC.COM
		
,,
			M3SSB@INFORBC.COM
		
,,
			M3SSB@INFORBC.COM
		
,,
			M3SSB@INFORBC.COM
		
,,
			M3SSB@INFORBC.COM
		
,,
			M3SSB@INFORBC.COM
		
,,
			M3SSB@INFORBC.COM
		
,,
			M3SSB@INFORBC.COM
		
,,
			M3SSB@INFORBC.COM
		
,,
			M3SSB@INFORBC.COM
		
,,
			M3SSB@INFORBC.COM
		
,,
			M3SSB@INFORBC.COM
		
,,
			M3SSB@INFORBC.COM
		
,,
			M3SSB@INFORBC.COM
		
,,
			M3SSB@INFORBC.COM
		
,,
			M3SSB@INFORBC.COM
		
,,
			M3SSB@INFORBC.COM
		
,,
			M3SSB@INFORBC.COM
		
,,
			M3SSB@INFORBC.COM
		
,,
			M3SSB@INFORBC.COM
		
,,
			M3SSB@INFORBC.COM
		
,,
			M3SSB@INFORBC.COM
		
,,
			M3SSB@INFORBC.COM
		
,,
			M3SSB@INFORBC.COM
		
,,
			M3SSB@INFORBC.COM
		
,,
			M3SSB@INFORBC.COM
		
,,
			M3SSB@INFORBC.COM
		
,,
			M3SSB@INFORBC.COM
		
,,
			M3SSB@INFORBC.COM
		
,,
			M3SSB@INFORBC.COM
		
,,
			M3SSB@INFORBC.COM
		
,,
			M3SSB@INFORBC.COM
		
,,
			M3SSB@INFORBC.COM
		
,,
			M3SSB@INFORBC.COM
		
,,
			M3SSB@INFORBC.COM
		
,,
			M3SSB@INFORBC.COM
		
,,
			M3SSB@INFORBC.COM
		
,,
			M3SSB@INFORBC.COM
		
,,
			M3SSB@INFORBC.COM
		
,,
			M3SSB@INFORBC.COM
		
,,
			M3SSB@INFORBC.COM
		
,,
			M3SSB@INFORBC.COM
		
,,
			M3SSB@INFORBC.COM
		
,,
			M3SSB@INFORBC.COM
		
,,
			M3SSB@INFORBC.COM
		
,,
			M3SSB@INFORBC.COM
		
,,
			M3SSB@INFORBC.COM
		
,,
			M3SSB@INFORBC.COM
		
,,
			M3SSB@INFORBC.COM
		
,,
			M3SSB@INFORBC.COM
		
,,
			M3SSB@INFORBC.COM
		
,,
			M3SSB@INFORBC.COM
		
,,
			M3SSB@INFORBC.COM
		
,,
			M3SSB@INFORBC.COM
		
,,
			M3SSB@INFORBC.COM
		
,,
			M3SSB@INFORBC.COM
		
,,
			M3SSB@INFORBC.COM
		
,,
			M3SSB@INFORBC.COM
		
,,
			M3SSB@INFORBC.COM
		
,,
			M3SSB@INFORBC.COM
		
,,
			M3SSB@INFORBC.COM
		
,,
			M3SSB@INFORBC.COM
		
,,
			M3SSB@INFORBC.COM
		
,,
			M3SSB@INFORBC.COM
		
,,
			M3SSB@INFORBC.COM
		
,,
			M3SSB@INFORBC.COM
		
,,
			M3SSB@INFORBC.COM
		
,,
			M3SSB@INFORBC.COM
		
,,
			M3SSB@INFORBC.COM
		
,,
			M3SSB@INFORBC.COM
		
,,
			M3SSB@INFORBC.COM
		
,,
			M3SSB@INFORBC.COM
		
,,
			M3SSB@INFORBC.COM
		
,,
			M3SSB@INFORBC.COM
		
,,
			M3SSB@INFORBC.COM
		
,,
			M3SSB@INFORBC.COM
		
,,
			M3SSB@INFORBC.COM
		
,,
			M3SSB@INFORBC.COM
		
,,
			M3SSB@INFORBC.COM
		
,,
			M3SSB@INFORBC.COM
		
,,
			M3SSB@INFORBC.COM
		
,,
			M3SSB@INFORBC.COM
		
,,
			M3SSB@INFORBC.COM
		
,,
			M3SSB@INFORBC.COM
		
,,
			M3SSB@INFORBC.COM
		
,,
			M3SSB@INFORBC.COM
		
,,
			M3SSB@INFORBC.COM
		
,,
			M3SSB@INFORBC.COM
		
,,
			M3SSB@INFORBC.COM
		
,,
			M3SSB@INFORBC.COM
		
,,
			M3SSB@INFORBC.COM
		
,,
			M3SSB@INFORBC.COM
		
,,
			M3SSB@INFORBC.COM
		
,,
			M3SSB@INFORBC.COM
		
,,
			M3SSB@INFORBC.COM
		
,,
			M3SSB@INFORBC.COM
		
,,
			M3SSB@INFORBC.COM
		
,,
			M3SSB@INFORBC.COM
		
,,
			M3SSB@INFORBC.COM
		
,,
			M3SSB@INFORBC.COM
		
,,
			M3SSB@INFORBC.COM
		
,,
			M3SSB@INFORBC.COM
		
,,
			M3SSB@INFORBC.COM
		
,,
			M3SSB@INFORBC.COM
		
,,
			M3SSB@INFORBC.COM
		
,,
			M3SSB@INFORBC.COM
		
,,
			M3SSB@INFORBC.COM
		
,,
			M3SSB@INFORBC.COM
		
,,
			M3SSB@INFORBC.COM
		
,,
			M3SSB@INFORBC.COM
		
,,
			M3SSB@INFORBC.COM
		
,,
			M3SSB@INFORBC.COM
		
,,
			M3SSB@INFORBC.COM
		
,,
			M3SSB@INFORBC.COM
		
,,
			M3SSB@INFORBC.COM
		
,,
			M3SSB@INFORBC.COM
		
,,
			M3SSB@INFORBC.COM
		
,,
			M3SSB@INFORBC.COM
		
,,
			M3SSB@INFORBC.COM
		
,,
			M3SSB@INFORBC.COM
		
,,
			M3SSB@INFORBC.COM
		
,,
			M3SSB@INFORBC.COM
		
,,
			M3SSB@INFORBC.COM
		
,,
			M3SSB@INFORBC.COM
		
,,
			M3SSB@INFORBC.COM
		
,,
			M3SSB@INFORBC.COM
		
,,
			M3SSB@INFORBC.COM
		
,,
			M3SSB@INFORBC.COM
		
,,
			M3SSB@INFORBC.COM
		
,,
			M3SSB@INFORBC.COM
		
,,
			M3SSB@INFORBC.COM
		
,,
			M3SSB@INFORBC.COM
		
,,
			M3SSB@INFORBC.COM
		
,,
			M3SSB@INFORBC.COM
		
,,
			M3SSB@INFORBC.COM
		
,,
			M3SSB@INFORBC.COM
		
,,
			M3SSB@INFORBC.COM
		
,,
			M3SSB@INFORBC.COM
		
,,
			M3SSB@INFORBC.COM
		
,,
			M3SSB@INFORBC.COM
		
,,
			M3SSB@INFORBC.COM
		
,,
			M3SSB@INFORBC.COM
		
,,
			M3SSB@INFORBC.COM
		
,,
			M3SSB@INFORBC.COM
		
,,
			M3SSB@INFORBC.COM
		
,,
			M3SSB@INFORBC.COM
		
,,
			M3SSB@INFORBC.COM
		
,,
			M3SSB@INFORBC.COM
		
,,
			M3SSB@INFORBC.COM
		
,,
			M3SSB@INFORBC.COM
		
,,
			M3SSB@INFORBC.COM
		
,,
			M3SSB@INFORBC.COM
		
,,
			M3SSB@INFORBC.COM
		
,,
			M3SSB@INFORBC.COM
		
,,
			M3SSB@INFORBC.COM
		
,,
			M3SSB@INFORBC.COM
		
,,
			M3SSB@INFORBC.COM
		
,,
			M3SSB@INFORBC.COM
		
,,
			M3SSB@INFORBC.COM
		
,,
			M3SSB@INFORBC.COM
		
,,
			M3SSB@INFORBC.COM
		
,,
			M3SSB@INFORBC.COM
		
,,
			M3SSB@INFORBC.COM
		
,,
			M3SSB@INFORBC.COM
		
,,
			M3SSB@INFORBC.COM
		
,,
			M3SSB@INFORBC.COM
		
,,
			M3SSB@INFORBC.COM
		
,,
			M3SSB@INFORBC.COM
		
,,
			M3SSB@INFORBC.COM
		
,,
			M3SSB@INFORBC.COM
		
,,
			M3SSB@INFORBC.COM
		
,,
			M3SSB@INFORBC.COM
		
,,
			M3SSB@INFORBC.COM
		
,,
			M3SSB@INFORBC.COM
		
,,
			M3SSB@INFORBC.COM
		
,,
			M3SSB@INFORBC.COM
		
,,
			M3SSB@INFORBC.COM
		
,,
			M3SSB@INFORBC.COM
		
,,
			M3SSB@INFORBC.COM
		
,,
			M3SSB@INFORBC.COM
		
,,
			M3SSB@INFORBC.COM
		
,,
			M3SSB@INFORBC.COM
		
,,
			M3SSB@INFORBC.COM
		
,,
			M3SSB@INFORBC.COM
		
,,
			M3SSB@INFORBC.COM
		
,,
			M3SSB@INFORBC.COM
		
,,
			M3SSB@INFORBC.COM
		
,,
			M3SSB@INFORBC.COM
		
,,
			M3SSB@INFORBC.COM
		
,,
			M3SSB@INFORBC.COM
		
,,
			M3SSB@INFORBC.COM
		
,,
			M3SSB@INFORBC.COM
		
,,
			M3SSB@INFORBC.COM
		
,,
			M3SSB@INFORBC.COM
		
,,
			M3SSB@INFORBC.COM
		
,,
			M3SSB@INFORBC.COM
		
,,
			M3SSB@INFORBC.COM
		
,,
			M3SSB@INFORBC.COM
		
,,
			M3SSB@INFORBC.COM
		
,,
			M3SSB@INFORBC.COM
		
,,
			M3SSB@INFORBC.COM
		
,,
			M3SSB@INFORBC.COM
		
,,
			M3SSB@INFORBC.COM
		
,,
			M3SSB@INFORBC.COM
		
,,
			M3SSB@INFORBC.COM
		
,,
			M3SSB@INFORBC.COM
		
,,
			M3SSB@INFORBC.COM
		
,,
			M3SSB@INFORBC.COM
		
,,
			M3SSB@INFORBC.COM
		
,,
			M3SSB@INFORBC.COM
		
,,
			M3SSB@INFORBC.COM
		
,,
			M3SSB@INFORBC.COM
		
,,
			M3SSB@INFORBC.COM
		
,,
			M3SSB@INFORBC.COM
		
,,
			M3SSB@INFORBC.COM
		
,,
			M3SSB@INFORBC.COM
		
,,
			M3SSB@INFORBC.COM
		
,,
			M3SSB@INFORBC.COM
		
,,
			M3SSB@INFORBC.COM
		
,,
			M3SSB@INFORBC.COM
		
,,
			M3SSB@INFORBC.COM
		
,,
			M3SSB@INFORBC.COM
		
,,
			M3SSB@INFORBC.COM
		
,,
			M3SSB@INFORBC.COM
		
,,
			M3SSB@INFORBC.COM
		
,,
			M3SSB@INFORBC.COM
		
,,
			M3SSB@INFORBC.COM
		
,,
			M3SSB@INFORBC.COM
		
,,
			M3SSB@INFORBC.COM
		
,,
			M3SSB@INFORBC.COM
		
,,
			M3SSB@INFORBC.COM
		
,,
			M3SSB@INFORBC.COM
		
,,
			M3SSB@INFORBC.COM
		
,,
			M3SSB@INFORBC.COM
		
,,
			M3SSB@INFORBC.COM
		
,,
			M3SSB@INFORBC.COM
		
,,
			M3SSB@INFORBC.COM
		
,,
			M3SSB@INFORBC.COM
		
,,
			M3SSB@INFORBC.COM
		
,,
			M3SSB@INFORBC.COM
		
,,
			M3SSB@INFORBC.COM
		
,,
			M3SSB@INFORBC.COM
		
,,
			M3SSB@INFORBC.COM
		
,,
			M3SSB@INFORBC.COM
		
,,
			M3SSB@INFORBC.COM
		
,,
			M3SSB@INFORBC.COM
		
,,
			M3SSB@INFORBC.COM
		
,,
			M3SSB@INFORBC.COM
		
,,
			M3SSB@INFORBC.COM
		
,,
			M3SSB@INFORBC.COM
		
,,
			M3SSB@INFORBC.COM
		
,,
			M3SSB@INFORBC.COM
		
,,
			M3SSB@INFORBC.COM
		
,,
			M3SSB@INFORBC.COM
		
,,
			M3SSB@INFORBC.COM
		
,,
			M3SSB@INFORBC.COM
		
,,
			M3SSB@INFORBC.COM
		
,,
			M3SSB@INFORBC.COM
		
,,
			M3SSB@INFORBC.COM
		
,,
			M3SSB@INFORBC.COM
		
,,
			M3SSB@INFORBC.COM
		
,,
			M3SSB@INFORBC.COM
		
,,
			M3SSB@INFORBC.COM
		
,,
			M3SSB@INFORBC.COM
		
,,
			M3SSB@INFORBC.COM
		
,,
			M3SSB@INFORBC.COM
		
,,
			M3SSB@INFORBC.COM
		
,,
			M3SSB@INFORBC.COM
		
,,
			M3SSB@INFORBC.COM
		
,,
			M3SSB@INFORBC.COM
		
,,
			M3SSB@INFORBC.COM
		
,,
			M3SSB@INFORBC.COM
		
,,
			M3SSB@INFORBC.COM
		
,,
			M3SSB@INFORBC.COM
		
,,
			M3SSB@INFORBC.COM
		
,,
			M3SSB@INFORBC.COM
		
,,
			M3SSB@INFORBC.COM
		
,,
			M3SSB@INFORBC.COM
		
,,
			M3SSB@INFORBC.COM
		
,,
			M3SSB@INFORBC.COM
		
,,
			M3SSB@INFORBC.COM
		
,,
			M3SSB@INFORBC.COM
		
,,
			M3SSB@INFORBC.COM
		
,,
			M3SSB@INFORBC.COM
		
,,
			M3SSB@INFORBC.COM
		
,,
			M3SSB@INFORBC.COM
		
,,
			M3SSB@INFORBC.COM
		
,,
			M3SSB@INFORBC.COM
		
,,
			M3SSB@INFORBC.COM
		
,,
			M3SSB@INFORBC.COM
		
,,
			M3SSB@INFORBC.COM
		
,,
			M3SSB@INFORBC.COM
		
,,
			M3SSB@INFORBC.COM
		
,,
			M3SSB@INFORBC.COM
		
,,
			M3SSB@INFORBC.COM
		
,,
			M3SSB@INFORBC.COM
		
,,
			M3SSB@INFORBC.COM
		
,,
			M3SSB@INFORBC.COM
		
,,
			M3SSB@INFORBC.COM
		
,,
			M3SSB@INFORBC.COM
		
,,
			M3SSB@INFORBC.COM
		
,,
			M3SSB@INFORBC.COM
		
,,
			M3SSB@INFORBC.COM
		
,,
			M3SSB@INFORBC.COM
		
,,
			M3SSB@INFORBC.COM
		
,,
			M3SSB@INFORBC.COM
		
,,
			M3SSB@INFORBC.COM
		
,,
			M3SSB@INFORBC.COM
		
,,
			M3SSB@INFORBC.COM
		
,,
			M3SSB@INFORBC.COM
		
,,
			M3SSB@INFORBC.COM
		
,,
			M3SSB@INFORBC.COM
		
,,
			M3SSB@INFORBC.COM
		
,,
			M3SSB@INFORBC.COM
		
,,
			M3SSB@INFORBC.COM
		
,,
			M3SSB@INFORBC.COM
		
,,
			M3SSB@INFORBC.COM
		
,,
			M3SSB@INFORBC.COM
		
,,
			M3SSB@INFORBC.COM
		
,,
			M3SSB@INFORBC.COM
		
,,
			M3SSB@INFORBC.COM
		
,,
			M3SSB@INFORBC.COM
		
,,
			M3SSB@INFORBC.COM
		
,,
			M3SSB@INFORBC.COM
		
,,
			M3SSB@INFORBC.COM
		
,,
			M3SSB@INFORBC.COM
		
,,
			M3SSB@INFORBC.COM
		
,,
			M3SSB@INFORBC.COM
		
,,
			M3SSB@INFORBC.COM
		
,,
			M3SSB@INFORBC.COM
		
,,
			M3SSB@INFORBC.COM
		
,,
			M3SSB@INFORBC.COM
		
,,
			M3SSB@INFORBC.COM
		
,,
			M3SSB@INFORBC.COM
		
,,
			M3SSB@INFORBC.COM
		
,,
			M3SSB@INFORBC.COM
		
,,
			M3SSB@INFORBC.COM
		
,,
			M3SSB@INFORBC.COM
		
,,
			M3SSB@INFORBC.COM
		
,,
			M3SSB@INFORBC.COM
		
,,
			M3SSB@INFORBC.COM
		
,,
			M3SSB@INFORBC.COM
		
,,
			M3SSB@INFORBC.COM
		
,,
			M3SSB@INFORBC.COM
		
,,
			M3SSB@INFORBC.COM
		
,,
			M3SSB@INFORBC.COM
		
,,
			M3SSB@INFORBC.COM
		
,,
			M3SSB@INFORBC.COM
		
,,
			M3SSB@INFORBC.COM
		
,,
			M3SSB@INFORBC.COM
		
,,
			M3SSB@INFORBC.COM
		
,,
			M3SSB@INFORBC.COM
		
,,
			M3SSB@INFORBC.COM
		
,,
			M3SSB@INFORBC.COM
		
,,
			M3SSB@INFORBC.COM
		
,,
			M3SSB@INFORBC.COM
		
,,
			M3SSB@INFORBC.COM
		
,,
			M3SSB@INFORBC.COM
		
,,
			M3SSB@INFORBC.COM
		
,,
			M3SSB@INFORBC.COM
		
,,
			M3SSB@INFORBC.COM
		
,,
			M3SSB@INFORBC.COM
		
,,
			M3SSB@INFORBC.COM
		
,,
			M3SSB@INFORBC.COM
		
,,
			M3SSB@INFORBC.COM
		
,,
			M3SSB@INFORBC.COM
		
,,
			M3SSB@INFORBC.COM
		
,,
			M3SSB@INFORBC.COM
		
,,
			M3SSB@INFORBC.COM
		
,,
			M3SSB@INFORBC.COM
		
,,
			M3SSB@INFORBC.COM
		
,,
			M3SSB@INFORBC.COM
		
,,
			M3SSB@INFORBC.COM
		
,,
			M3SSB@INFORBC.COM
		
,,
			M3SSB@INFORBC.COM
		
,,
			M3SSB@INFORBC.COM
		
,,
			M3SSB@INFORBC.COM
		
,,
			M3SSB@INFORBC.COM
		
,,
			M3SSB@INFORBC.COM
		
,,
			M3SSB@INFORBC.COM
		
,,
			M3SSB@INFORBC.COM
		
,,
			M3SSB@INFORBC.COM
		
,,
			M3SSB@INFORBC.COM
		
,,
			M3SSB@INFORBC.COM
		
,,
			M3SSB@INFORBC.COM
		
,,
			M3SSB@INFORBC.COM
		
,,
			M3SSB@INFORBC.COM
		
,,
			M3SSB@INFORBC.COM
		
,,
			M3SSB@INFORBC.COM
		
,,
			M3SSB@INFORBC.COM
		
,,
			M3SSB@INFORBC.COM
		
,,
			M3SSB@INFORBC.COM
		
,,
			M3SSB@INFORBC.COM
		
,,
			M3SSB@INFORBC.COM
		
,,
			M3SSB@INFORBC.COM
		
,,
			M3SSB@INFORBC.COM
		
,,
			M3SSB@INFORBC.COM
		
,,
			M3SSB@INFORBC.COM
		
,,
			M3SSB@INFORBC.COM
		
,,
			M3SSB@INFORBC.COM
		
,,
			M3SSB@INFORBC.COM
		
,,
			M3SSB@INFORBC.COM
		
,,
			M3SSB@INFORBC.COM
		
,,
			M3SSB@INFORBC.COM
		
,,
			M3SSB@INFORBC.COM
		
,,
			M3SSB@INFORBC.COM
		
,,
			M3SSB@INFORBC.COM
		
,,
			M3SSB@INFORBC.COM
		
,,
			M3SSB@INFORBC.COM
		
,,
			M3SSB@INFORBC.COM
		
,,
			M3SSB@INFORBC.COM
		
,,
			M3SSB@INFORBC.COM
		
,,
			M3SSB@INFORBC.COM
		
,,
			M3SSB@INFORBC.COM
		
,,
			M3SSB@INFORBC.COM
		
,,
			M3SSB@INFORBC.COM
		
,,
			M3SSB@INFORBC.COM
		
,,
			M3SSB@INFORBC.COM
		
,,
			M3SSB@INFORBC.COM
		
,,
			M3SSB@INFORBC.COM
		
,,
			M3SSB@INFORBC.COM
		
,,
			M3SSB@INFORBC.COM
		
,,
			M3SSB@INFORBC.COM
		
,,
			M3SSB@INFORBC.COM
		
,,
			M3SSB@INFORBC.COM
		
,,
			M3SSB@INFORBC.COM
		
,,
			M3SSB@INFORBC.COM
		
,,
			M3SSB@INFORBC.COM
		
,,
			M3SSB@INFORBC.COM
		
,,
			M3SSB@INFORBC.COM
		
,,
			M3SSB@INFORBC.COM
		
,,
			M3SSB@INFORBC.COM
		
,,
			M3SSB@INFORBC.COM
		
,,
			M3SSB@INFORBC.COM
		
,,
			M3SSB@INFORBC.COM
		
,,
			M3SSB@INFORBC.COM
		
,,
			M3SSB@INFORBC.COM
		
,,
			M3SSB@INFORBC.COM
		
,,
			M3SSB@INFORBC.COM
		
,,
			M3SSB@INFORBC.COM
		
,,
			M3SSB@INFORBC.COM
		
,,
			M3SSB@INFORBC.COM
		
,,
			M3SSB@INFORBC.COM
		
,,
			M3SSB@INFORBC.COM
		
,,
			M3SSB@INFORBC.COM
		
,,
			M3SSB@INFORBC.COM
		
,,
			M3SSB@INFORBC.COM
		
,,
			M3SSB@INFORBC.COM
		
,,
			M3SSB@INFORBC.COM
		
,,
			M3SSB@INFORBC.COM
		
,,
			M3SSB@INFORBC.COM
		
,,
			M3SSB@INFORBC.COM
		
,,
			M3SSB@INFORBC.COM
		
,,
			M3SSB@INFORBC.COM
		
,,
			M3SSB@INFORBC.COM
		
,,
			M3SSB@INFORBC.COM
		
,,
			M3SSB@INFORBC.COM
		
,,
			M3SSB@INFORBC.COM
		
,,
			M3SSB@INFORBC.COM
		
,,
			M3SSB@INFORBC.COM
		
,,
			M3SSB@INFORBC.COM
		
,,
			M3SSB@INFORBC.COM
		
,,
			M3SSB@INFORBC.COM
		
,,
			M3SSB@INFORBC.COM
		
,,
			M3SSB@INFORBC.COM
		
,,
			M3SSB@INFORBC.COM
		
,,
			M3SSB@INFORBC.COM
		
,,
			M3SSB@INFORBC.COM
		
,,
			M3SSB@INFORBC.COM
		
,,
			M3SSB@INFORBC.COM
		
,,
			M3SSB@INFORBC.COM
		
,,
			M3SSB@INFORBC.COM
		
,,
			M3SSB@INFORBC.COM
		
,,
			M3SSB@INFORBC.COM
		
,,
			M3SSB@INFORBC.COM
		
,,
			M3SSB@INFORBC.COM
		
,,
			M3SSB@INFORBC.COM
		
,,
			M3SSB@INFORBC.COM
		
,,
			M3SSB@INFORBC.COM
		
,,
			M3SSB@INFORBC.COM
		
,,
			M3SSB@INFORBC.COM
		
,,
			M3SSB@INFORBC.COM
		
,,
			M3SSB@INFORBC.COM
		
,,
			M3SSB@INFORBC.COM
		
,,
			M3SSB@INFORBC.COM
		
,,
			M3SSB@INFORBC.COM
		
,,
			M3SSB@INFORBC.COM
		
,,
			M3SSB@INFORBC.COM
		
,,
			M3SSB@INFORBC.COM
		
,,
			M3SSB@INFORBC.COM
		
,,
			M3SSB@INFORBC.COM
		
,,
			M3SSB@INFORBC.COM
		
,,
			M3SSB@INFORBC.COM
		
,,
			M3SSB@INFORBC.COM
		
,,
			M3SSB@INFORBC.COM
		
,,
			M3SSB@INFORBC.COM
		
,,
			M3SSB@INFORBC.COM
		
,,
			M3SSB@INFORBC.COM
		
,,
			M3SSB@INFORBC.COM
		
,,
			M3SSB@INFORBC.COM
		
,,
			M3SSB@INFORBC.COM
		
,,
			M3SSB@INFORBC.COM
		
,,
			M3SSB@INFORBC.COM
		
,,
			M3SSB@INFORBC.COM
		
,,
			M3SSB@INFORBC.COM
		
,,
			M3SSB@INFORBC.COM
		
,,
			M3SSB@INFORBC.COM
		
,,
			M3SSB@INFORBC.COM
		
,,
			M3SSB@INFORBC.COM
		
,,
			M3SSB@INFORBC.COM
		
,,
			M3SSB@INFORBC.COM
		
,,
			M3SSB@INFORBC.COM
		
,,
			M3SSB@INFORBC.COM
		
,,
			M3SSB@INFORBC.COM
		
,,
			M3SSB@INFORBC.COM
		
,,
			M3SSB@INFORBC.COM
		
,,
			M3SSB@INFORBC.COM
		
,,
			M3SSB@INFORBC.COM
		
,,
			M3SSB@INFORBC.COM
		
,,
			M3SSB@INFORBC.COM
		
,,
			M3SSB@INFORBC.COM
		
,,
			M3SSB@INFORBC.COM
		
,,
			M3SSB@INFORBC.COM
		
,,
			M3SSB@INFORBC.COM
		
,,
			M3SSB@INFORBC.COM
		
,,
			M3SSB@INFORBC.COM
		
,,
			M3SSB@INFORBC.COM
		
,,
			M3SSB@INFORBC.COM
		
,,
			M3SSB@INFORBC.COM
		
,,
			M3SSB@INFORBC.COM
		
,,
			M3SSB@INFORBC.COM
		
,,
			M3SSB@INFORBC.COM
		
,,
			M3SSB@INFORBC.COM
		
,,
			M3SSB@INFORBC.COM
		
,,
			M3SSB@INFORBC.COM
		
,,
			M3SSB@INFORBC.COM
		
,,
			M3SSB@INFORBC.COM
		
,,
			M3SSB@INFORBC.COM
		
,,
			M3SSB@INFORBC.COM
		
,,
			M3SSB@INFORBC.COM
		
,,
			M3SSB@INFORBC.COM
		
,,
			M3SSB@INFORBC.COM
		
,,
			M3SSB@INFORBC.COM
		
,,
			M3SSB@INFORBC.COM
		
,,
			M3SSB@INFORBC.COM
		
,,
			M3SSB@INFORBC.COM
		
,,
			M3SSB@INFORBC.COM
		
,,
			M3SSB@INFORBC.COM
		
,,
			M3SSB@INFORBC.COM
		
,,
			M3SSB@INFORBC.COM
		
,,
			M3SSB@INFORBC.COM
		
,,
			M3SSB@INFORBC.COM
		
,,
			M3SSB@INFORBC.COM
		
,,
			M3SSB@INFORBC.COM
		
,,
			M3SSB@INFORBC.COM
		
,,
			M3SSB@INFORBC.COM
		
,,
			M3SSB@INFORBC.COM
		
,,
			M3SSB@INFORBC.COM
		
,,
			M3SSB@INFORBC.COM
		
,,
			M3SSB@INFORBC.COM
		
,,
			M3SSB@INFORBC.COM
		
,,
			M3SSB@INFORBC.COM
		
,,
			M3SSB@INFORBC.COM
		
,,
			M3SSB@INFORBC.COM
		
,,
			M3SSB@INFORBC.COM
		
,,
			M3SSB@INFORBC.COM
		
,,
			M3SSB@INFORBC.COM
		
,,
			M3SSB@INFORBC.COM
		
,,
			M3SSB@INFORBC.COM
		
,,
			M3SSB@INFORBC.COM
		
,,
			M3SSB@INFORBC.COM
		
,,
			M3SSB@INFORBC.COM
		
,,
			M3SSB@INFORBC.COM
		
,,
			M3SSB@INFORBC.COM
		
,,
			M3SSB@INFORBC.COM
		
,,
			M3SSB@INFORBC.COM
		
,,
			M3SSB@INFORBC.COM
		
,,
			M3SSB@INFORBC.COM
		
,,
			M3SSB@INFORBC.COM
		
,,
			M3SSB@INFORBC.COM
		
,,
			M3SSB@INFORBC.COM
		
,,
			M3SSB@INFORBC.COM
		
,,
			M3SSB@INFORBC.COM
		
,,
			M3SSB@INFORBC.COM
		
,,
			M3SSB@INFORBC.COM
		
,,
			M3SSB@INFORBC.COM
		
,,
			M3SSB@INFORBC.COM
		
,,
			M3SSB@INFORBC.COM
		
,,
			M3SSB@INFORBC.COM
		
,,
			M3SSB@INFORBC.COM
		
,,
			M3SSB@INFORBC.COM
		
,,
			M3SSB@INFORBC.COM
		
,,
			M3SSB@INFORBC.COM
		
,,
			M3SSB@INFORBC.COM
		
,,
			M3SSB@INFORBC.COM
		
,,
			M3SSB@INFORBC.COM
		
,,
			M3SSB@INFORBC.COM
		
,,
			M3SSB@INFORBC.COM
		
,,
			M3SSB@INFORBC.COM
		
,,
			M3SSB@INFORBC.COM
		
,,
			M3SSB@INFORBC.COM
		
,,
			M3SSB@INFORBC.COM
		
,,
			M3SSB@INFORBC.COM
		
,,
			M3SSB@INFORBC.COM
		
,,
			M3SSB@INFORBC.COM
		
,,
			M3SSB@INFORBC.COM
		
,,
			M3SSB@INFORBC.COM
		
,,
			M3SSB@INFORBC.COM
		
,,
			M3SSB@INFORBC.COM
		
,,
			M3SSB@INFORBC.COM
		
,,
			M3SSB@INFORBC.COM
		
,,
			M3SSB@INFORBC.COM
		
,,
			M3SSB@INFORBC.COM
		
,,
			M3SSB@INFORBC.COM
		
,,
			M3SSB@INFORBC.COM
		
,,
			M3SSB@INFORBC.COM
		
,,
			M3SSB@INFORBC.COM
		
,,
			M3SSB@INFORBC.COM
		
,,
			M3SSB@INFORBC.COM
		
,,
			M3SSB@INFORBC.COM
		
,,
			M3SSB@INFORBC.COM
		
,,
			M3SSB@INFORBC.COM
		
,,
			M3SSB@INFORBC.COM
		
,,
			M3SSB@INFORBC.COM
		
,,
			M3SSB@INFORBC.COM
		
,,
			M3SSB@INFORBC.COM
		
,,
			M3SSB@INFORBC.COM
		
,,
			M3SSB@INFORBC.COM
		
,,
			M3SSB@INFORBC.COM
		
,,
			M3SSB@INFORBC.COM
		
,,
			M3SSB@INFORBC.COM
		
,,
			M3SSB@INFORBC.COM
		
,,
			M3SSB@INFORBC.COM
		
,,
			M3SSB@INFORBC.COM
		
,,
			M3SSB@INFORBC.COM
		
,,
			M3SSB@INFORBC.COM
		
,,
			M3SSB@INFORBC.COM
		
,,
			M3SSB@INFORBC.COM
		
,,
			M3SSB@INFORBC.COM
		
,,
			M3SSB@INFORBC.COM
		
,,
			M3SSB@INFORBC.COM
		
,,
			M3SSB@INFORBC.COM
		
,,
			M3SSB@INFORBC.COM
		
,,
			M3SSB@INFORBC.COM
		
,,
			M3SSB@INFORBC.COM
		
,,
			M3SSB@INFORBC.COM
		
,,
			M3SSB@INFORBC.COM
		
,,
			M3SSB@INFORBC.COM
		
,,
			M3SSB@INFORBC.COM
		
,,
			M3SSB@INFORBC.COM
		
,,
			M3SSB@INFORBC.COM
		
,,
			M3SSB@INFORBC.COM
		
,,
			M3SSB@INFORBC.COM
		
,,
			M3SSB@INFORBC.COM
		
,,
			M3SSB@INFORBC.COM
		
,,
			M3SSB@INFORBC.COM
		
,,
			M3SSB@INFORBC.COM
		
,,
			M3SSB@INFORBC.COM
		
,,
			M3SSB@INFORBC.COM
		
,,
			M3SSB@INFORBC.COM
		
,,
			M3SSB@INFORBC.COM
		
,,
			M3SSB@INFORBC.COM
		
,,
			M3SSB@INFORBC.COM
		
,,
			M3SSB@INFORBC.COM
		
,,
			M3SSB@INFORBC.COM
		
,,
			M3SSB@INFORBC.COM
		
,,
			M3SSB@INFORBC.COM
		
,,
			M3SSB@INFORBC.COM
		
,,
			M3SSB@INFORBC.COM
		
,,
			M3SSB@INFORBC.COM
		
,,
			M3SSB@INFORBC.COM
		
,,
			M3SSB@INFORBC.COM
		
,,
			M3SSB@INFORBC.COM
		
,,
			M3SSB@INFORBC.COM
		
,,
			M3SSB@INFORBC.COM
		
,,
			M3SSB@INFORBC.COM
		
,,
			M3SSB@INFORBC.COM
		
,,
			M3SSB@INFORBC.COM
		
,,
			M3SSB@INFORBC.COM
		
,,
			M3SSB@INFORBC.COM
		
,,
			M3SSB@INFORBC.COM
		
,,
			M3SSB@INFORBC.COM
		
,,
			M3SSB@INFORBC.COM
		
,,
			M3SSB@INFORBC.COM
		
,,
			M3SSB@INFORBC.COM
		
,,
			M3SSB@INFORBC.COM
		
,,
			M3SSB@INFORBC.COM
		
,,
			M3SSB@INFORBC.COM
		
,,
			M3SSB@INFORBC.COM
		
,,
			M3SSB@INFORBC.COM
		
,,
			M3SSB@INFORBC.COM
		
,,
			M3SSB@INFORBC.COM
		
,,
			M3SSB@INFORBC.COM
		
,,
			M3SSB@INFORBC.COM
		
,,
			M3SSB@INFORBC.COM
		
,,
			M3SSB@INFORBC.COM
		
,,
			M3SSB@INFORBC.COM
		
,,
			M3SSB@INFORBC.COM
		
,,
			M3SSB@INFORBC.COM
		
,,
			M3SSB@INFORBC.COM
		
,,
			M3SSB@INFORBC.COM
		
,,
			M3SSB@INFORBC.COM
		
,,
			M3SSB@INFORBC.COM
		
,,
			M3SSB@INFORBC.COM
		
,,
			M3SSB@INFORBC.COM
		
,,
			M3SSB@INFORBC.COM
		
,,
			M3SSB@INFORBC.COM
		
,,
			M3SSB@INFORBC.COM
		
,,
			M3SSB@INFORBC.COM
		
,,
			M3SSB@INFORBC.COM
		
,,
			M3SSB@INFORBC.COM
		
,,
			M3SSB@INFORBC.COM
		
,,
			M3SSB@INFORBC.COM
		
,,
			M3SSB@INFORBC.COM
		
,,
			M3SSB@INFORBC.COM
		
,,
			M3SSB@INFORBC.COM
		
,,
			M3SSB@INFORBC.COM
		
,,
			M3SSB@INFORBC.COM
		
,,
			M3SSB@INFORBC.COM
		
,,
			M3SSB@INFORBC.COM
		
,,
			M3SSB@INFORBC.COM
		
,,
			M3SSB@INFORBC.COM
		
,,
			M3SSB@INFORBC.COM
		
,,
			M3SSB@INFORBC.COM
		
,,
			M3SSB@INFORBC.COM
		
,,
			M3SSB@INFORBC.COM
		
,,
			M3SSB@INFORBC.COM
		
,,
			M3SSB@INFORBC.COM
		
,,
			M3SSB@INFORBC.COM
		
,,
			M3SSB@INFORBC.COM
		
,,
			M3SSB@INFORBC.COM
		
,,
			M3SSB@INFORBC.COM
		
,,
			M3SSB@INFORBC.COM
		
,,
			M3SSB@INFORBC.COM
		
,,
			M3SSB@INFORBC.COM
		
,,
			M3SSB@INFORBC.COM
		
,,
			M3SSB@INFORBC.COM
		
,,
			M3SSB@INFORBC.COM
		
,,
			M3SSB@INFORBC.COM
		
,,
			M3SSB@INFORBC.COM
		
,,
			M3SSB@INFORBC.COM
		
,,
			M3SSB@INFORBC.COM
		
,,
			M3SSB@INFORBC.COM
		
,,
			M3SSB@INFORBC.COM
		
,,
			M3SSB@INFORBC.COM
		
,,
			M3SSB@INFORBC.COM
		
,,
			M3SSB@INFORBC.COM
		
,,
			M3SSB@INFORBC.COM
		
,,
			M3SSB@INFORBC.COM
		
,,
			M3SSB@INFORBC.COM
		
,,
			M3SSB@INFORBC.COM
		
,,
			M3SSB@INFORBC.COM
		
,,
			M3SSB@INFORBC.COM
		
,,
			M3SSB@INFORBC.COM
		
,,
			M3SSB@INFORBC.COM
		
,,
			M3SSB@INFORBC.COM
		
,,
			M3SSB@INFORBC.COM
		
,,
			M3SSB@INFORBC.COM
		
,,
			M3SSB@INFORBC.COM
		
,,
			M3SSB@INFORBC.COM
		
,,
			M3SSB@INFORBC.COM
		
,,
			M3SSB@INFORBC.COM
		
,,
			M3SSB@INFORBC.COM
		
,,
			M3SSB@INFORBC.COM
		
,,
			M3SSB@INFORBC.COM
		
,,
			M3SSB@INFORBC.COM
		
,,
			M3SSB@INFORBC.COM
		
,,
			M3SSB@INFORBC.COM
		
,,
			M3SSB@INFORBC.COM
		
,,
			M3SSB@INFORBC.COM
		
,,
			M3SSB@INFORBC.COM
		
,,
			M3SSB@INFORBC.COM
		
,,
			M3SSB@INFORBC.COM
		
,,
			M3SSB@INFORBC.COM
		
,,
			M3SSB@INFORBC.COM
		
,,
			M3SSB@INFORBC.COM
		
,,
			M3SSB@INFORBC.COM
		
,,
			M3SSB@INFORBC.COM
		
,,
			M3SSB@INFORBC.COM
		
,,
			M3SSB@INFORBC.COM
		
,,
			M3SSB@INFORBC.COM
		
,,
			M3SSB@INFORBC.COM
		
,,
			M3SSB@INFORBC.COM
		
,,
			M3SSB@INFORBC.COM
		
,,
			M3SSB@INFORBC.COM
		
,,
			M3SSB@INFORBC.COM
		
,,
			M3SSB@INFORBC.COM
		
,,
			M3SSB@INFORBC.COM
		
,,
			M3SSB@INFORBC.COM
		
,,
			M3SSB@INFORBC.COM
		
,,
			M3SSB@INFORBC.COM
		
,,
			M3SSB@INFORBC.COM
		
,,
			M3SSB@INFORBC.COM
		
,,
			M3SSB@INFORBC.COM
		
,,
			M3SSB@INFORBC.COM
		
,,
			M3SSB@INFORBC.COM
		
,,
			M3SSB@INFORBC.COM
		
,,
			M3SSB@INFORBC.COM
		
,,
			M3SSB@INFORBC.COM
		
,,
			M3SSB@INFORBC.COM
		
,,
			M3SSB@INFORBC.COM
		
,,
			M3SSB@INFORBC.COM
		
,,
			M3SSB@INFORBC.COM
		
,,
			M3SSB@INFORBC.COM
		
,,
			M3SSB@INFORBC.COM
		
,,
			M3SSB@INFORBC.COM
		
,,
			M3SSB@INFORBC.COM
		
,,
			M3SSB@INFORBC.COM
		
,,
			M3SSB@INFORBC.COM
		
,,
			M3SSB@INFORBC.COM
		
,,
			M3SSB@INFORBC.COM
		
,,
			M3SSB@INFORBC.COM
		
,,
			M3SSB@INFORBC.COM
		
,,
			M3SSB@INFORBC.COM
		
,,
			M3SSB@INFORBC.COM
		
,,
			M3SSB@INFORBC.COM
		
,,
			M3SSB@INFORBC.COM
		
,,
			M3SSB@INFORBC.COM
		
,,
			M3SSB@INFORBC.COM
		
,,
			M3SSB@INFORBC.COM
		
,,
			M3SSB@INFORBC.COM
		
,,
			M3SSB@INFORBC.COM
		
,,
			M3SSB@INFORBC.COM
		
,,
			M3SSB@INFORBC.COM
		
,,
			M3SSB@INFORBC.COM
		
,,
			M3SSB@INFORBC.COM
		
,,
			M3SSB@INFORBC.COM
		
,,
			M3SSB@INFORBC.COM
		
,,
			M3SSB@INFORBC.COM
		
,,
			M3SSB@INFORBC.COM
		
,,
			M3SSB@INFORBC.COM
		
,,
			M3SSB@INFORBC.COM
		
,,
			M3SSB@INFORBC.COM
		
,,
			M3SSB@INFORBC.COM
		
