createdBy,createdTS,lastChangedBy
M3SSB@INFORBC.COM,2018-07-16T00:34:29Z,M3SSB@INFORBC.COM
M3SSB@INFORBC.COM,2018-07-16T00:36:18Z,M3SSB@INFORBC.COM
M3SSB@INFORBC.COM,2018-07-16T00:36:18Z,M3SSB@INFORBC.COM
M3SSB@INFORBC.COM,2018-07-16T00:44:17Z,M3SSB@INFORBC.COM
M3SSB@INFORBC.COM,2018-08-16T22:12:16Z,M3SSB@INFORBC.COM
M3SSB@INFORBC.COM,2018-08-16T22:12:16Z,M3SSB@INFORBC.COM
M3SSB@INFORBC.COM,2018-08-16T22:12:17Z,M3SSB@INFORBC.COM
M3SSB@INFORBC.COM,2018-08-16T22:12:17Z,M3SSB@INFORBC.COM
M3SSB@INFORBC.COM,2018-08-16T22:12:17Z,M3SSB@INFORBC.COM
M3SSB@INFORBC.COM,2018-08-16T22:12:17Z,M3SSB@INFORBC.COM
M3SSB@INFORBC.COM,2018-08-16T22:12:18Z,M3SSB@INFORBC.COM
M3SSB@INFORBC.COM,2018-08-16T22:12:18Z,M3SSB@INFORBC.COM
M3SSB@INFORBC.COM,2018-08-16T22:12:18Z,M3SSB@INFORBC.COM
M3SSB@INFORBC.COM,2018-08-16T22:12:19Z,M3SSB@INFORBC.COM
M3SSB@INFORBC.COM,2018-08-16T22:13:20Z,M3SSB@INFORBC.COM
M3SSB@INFORBC.COM,2018-08-16T22:13:20Z,M3SSB@INFORBC.COM
M3SSB@INFORBC.COM,2018-08-16T22:13:20Z,M3SSB@INFORBC.COM
M3SSB@INFORBC.COM,2018-08-16T22:13:20Z,M3SSB@INFORBC.COM
M3SSB@INFORBC.COM,2018-08-16T22:13:21Z,M3SSB@INFORBC.COM
M3SSB@INFORBC.COM,2018-08-16T22:13:21Z,M3SSB@INFORBC.COM
M3SSB@INFORBC.COM,2018-08-16T22:13:21Z,M3SSB@INFORBC.COM
M3SSB@INFORBC.COM,2018-08-16T22:13:21Z,M3SSB@INFORBC.COM
M3SSB@INFORBC.COM,2018-08-16T22:13:21Z,M3SSB@INFORBC.COM
M3SSB@INFORBC.COM,2018-08-16T22:17:23Z,M3SSB@INFORBC.COM
M3SSB@INFORBC.COM,2018-08-16T22:17:24Z,M3SSB@INFORBC.COM
M3SSB@INFORBC.COM,2018-08-16T22:17:24Z,M3SSB@INFORBC.COM
M3SSB@INFORBC.COM,2018-08-16T22:17:24Z,M3SSB@INFORBC.COM
M3SSB@INFORBC.COM,2018-08-16T22:17:24Z,M3SSB@INFORBC.COM
M3SSB@INFORBC.COM,2018-08-16T22:17:25Z,M3SSB@INFORBC.COM
M3SSB@INFORBC.COM,2018-08-16T22:17:25Z,M3SSB@INFORBC.COM
M3SSB@INFORBC.COM,2018-08-16T22:17:25Z,M3SSB@INFORBC.COM
M3SSB@INFORBC.COM,2018-08-16T22:17:26Z,M3SSB@INFORBC.COM
M3SSB@INFORBC.COM,2018-08-16T22:17:26Z,M3SSB@INFORBC.COM
M3SSB@INFORBC.COM,2018-08-16T22:21:27Z,M3SSB@INFORBC.COM
M3SSB@INFORBC.COM,2018-08-16T22:21:28Z,M3SSB@INFORBC.COM
M3SSB@INFORBC.COM,2018-08-16T22:21:28Z,M3SSB@INFORBC.COM
M3SSB@INFORBC.COM,2018-08-16T22:21:28Z,M3SSB@INFORBC.COM
M3SSB@INFORBC.COM,2018-08-16T22:21:28Z,M3SSB@INFORBC.COM
M3SSB@INFORBC.COM,2018-08-16T22:21:29Z,M3SSB@INFORBC.COM
M3SSB@INFORBC.COM,2018-08-16T22:21:29Z,M3SSB@INFORBC.COM
M3SSB@INFORBC.COM,2018-08-16T22:21:29Z,M3SSB@INFORBC.COM
M3SSB@INFORBC.COM,2018-08-16T22:21:30Z,M3SSB@INFORBC.COM
M3SSB@INFORBC.COM,2018-08-16T22:21:30Z,M3SSB@INFORBC.COM
M3SSB@INFORBC.COM,2018-08-16T22:24:31Z,M3SSB@INFORBC.COM
M3SSB@INFORBC.COM,2018-08-16T22:24:31Z,M3SSB@INFORBC.COM
M3SSB@INFORBC.COM,2018-08-16T22:24:31Z,M3SSB@INFORBC.COM
M3SSB@INFORBC.COM,2018-08-16T22:24:31Z,M3SSB@INFORBC.COM
M3SSB@INFORBC.COM,2018-08-16T22:24:32Z,M3SSB@INFORBC.COM
M3SSB@INFORBC.COM,2018-08-16T22:24:32Z,M3SSB@INFORBC.COM
M3SSB@INFORBC.COM,2018-08-16T22:24:32Z,M3SSB@INFORBC.COM
M3SSB@INFORBC.COM,2018-08-16T22:24:32Z,M3SSB@INFORBC.COM
M3SSB@INFORBC.COM,2018-08-16T22:24:32Z,M3SSB@INFORBC.COM
M3SSB@INFORBC.COM,2018-08-16T22:24:33Z,M3SSB@INFORBC.COM
M3SSB@INFORBC.COM,2018-08-16T22:24:33Z,M3SSB@INFORBC.COM
M3SSB@INFORBC.COM,2018-08-16T22:25:34Z,M3SSB@INFORBC.COM
M3SSB@INFORBC.COM,2018-08-16T22:25:34Z,M3SSB@INFORBC.COM
M3SSB@INFORBC.COM,2018-08-16T22:25:34Z,M3SSB@INFORBC.COM
M3SSB@INFORBC.COM,2018-08-16T22:25:35Z,M3SSB@INFORBC.COM
M3SSB@INFORBC.COM,2018-08-16T22:25:35Z,M3SSB@INFORBC.COM
M3SSB@INFORBC.COM,2018-08-16T22:25:35Z,M3SSB@INFORBC.COM
M3SSB@INFORBC.COM,2018-08-16T22:25:35Z,M3SSB@INFORBC.COM
M3SSB@INFORBC.COM,2018-08-16T22:25:35Z,M3SSB@INFORBC.COM
M3SSB@INFORBC.COM,2018-08-16T22:25:36Z,M3SSB@INFORBC.COM
M3SSB@INFORBC.COM,2018-08-16T22:25:36Z,M3SSB@INFORBC.COM
M3SSB@INFORBC.COM,2018-08-16T22:39:37Z,M3SSB@INFORBC.COM
M3SSB@INFORBC.COM,2018-08-16T22:39:38Z,M3SSB@INFORBC.COM
M3SSB@INFORBC.COM,2018-08-16T22:39:38Z,M3SSB@INFORBC.COM
M3SSB@INFORBC.COM,2018-08-16T22:39:38Z,M3SSB@INFORBC.COM
M3SSB@INFORBC.COM,2018-08-16T22:39:38Z,M3SSB@INFORBC.COM
M3SSB@INFORBC.COM,2018-08-16T22:39:38Z,M3SSB@INFORBC.COM
M3SSB@INFORBC.COM,2018-08-16T22:39:39Z,M3SSB@INFORBC.COM
M3SSB@INFORBC.COM,2018-08-16T22:39:39Z,M3SSB@INFORBC.COM
M3SSB@INFORBC.COM,2018-08-16T22:39:39Z,M3SSB@INFORBC.COM
M3SSB@INFORBC.COM,2018-08-16T22:40:40Z,M3SSB@INFORBC.COM
M3SSB@INFORBC.COM,2018-08-16T22:40:41Z,M3SSB@INFORBC.COM
M3SSB@INFORBC.COM,2018-08-16T22:40:41Z,M3SSB@INFORBC.COM
M3SSB@INFORBC.COM,2018-08-16T22:40:41Z,M3SSB@INFORBC.COM
M3SSB@INFORBC.COM,2018-08-16T22:40:41Z,M3SSB@INFORBC.COM
M3SSB@INFORBC.COM,2018-08-16T22:40:42Z,M3SSB@INFORBC.COM
M3SSB@INFORBC.COM,2018-08-16T22:40:42Z,M3SSB@INFORBC.COM
M3SSB@INFORBC.COM,2018-08-16T22:40:42Z,M3SSB@INFORBC.COM
M3SSB@INFORBC.COM,2018-08-16T22:40:42Z,M3SSB@INFORBC.COM
M3SSB@INFORBC.COM,2018-08-16T22:40:42Z,M3SSB@INFORBC.COM
M3SSB@INFORBC.COM,2018-08-16T22:40:42Z,M3SSB@INFORBC.COM
M3SSB@INFORBC.COM,2018-08-16T22:41:44Z,M3SSB@INFORBC.COM
M3SSB@INFORBC.COM,2018-08-16T22:41:44Z,M3SSB@INFORBC.COM
M3SSB@INFORBC.COM,2018-08-16T22:41:44Z,M3SSB@INFORBC.COM
M3SSB@INFORBC.COM,2018-08-16T22:41:44Z,M3SSB@INFORBC.COM
M3SSB@INFORBC.COM,2018-08-16T22:41:45Z,M3SSB@INFORBC.COM
M3SSB@INFORBC.COM,2018-08-16T22:41:45Z,M3SSB@INFORBC.COM
M3SSB@INFORBC.COM,2018-08-16T22:41:45Z,M3SSB@INFORBC.COM
M3SSB@INFORBC.COM,2018-08-16T22:41:45Z,M3SSB@INFORBC.COM
M3SSB@INFORBC.COM,2018-08-16T22:41:45Z,M3SSB@INFORBC.COM
M3SSB@INFORBC.COM,2018-08-16T22:41:46Z,M3SSB@INFORBC.COM
M3SSB@INFORBC.COM,2018-08-16T22:57:47Z,M3SSB@INFORBC.COM
M3SSB@INFORBC.COM,2018-08-16T22:57:47Z,M3SSB@INFORBC.COM
M3SSB@INFORBC.COM,2018-08-16T22:57:47Z,M3SSB@INFORBC.COM
M3SSB@INFORBC.COM,2018-08-16T22:57:47Z,M3SSB@INFORBC.COM
M3SSB@INFORBC.COM,2018-08-16T22:57:48Z,M3SSB@INFORBC.COM
M3SSB@INFORBC.COM,2018-08-16T22:57:48Z,M3SSB@INFORBC.COM
M3SSB@INFORBC.COM,2018-08-16T22:57:48Z,M3SSB@INFORBC.COM
M3SSB@INFORBC.COM,2018-08-16T22:57:48Z,M3SSB@INFORBC.COM
M3SSB@INFORBC.COM,2018-08-16T22:57:48Z,M3SSB@INFORBC.COM
M3SSB@INFORBC.COM,2018-08-16T22:57:49Z,M3SSB@INFORBC.COM
M3SSB@INFORBC.COM,2018-08-16T22:57:49Z,M3SSB@INFORBC.COM
M3SSB@INFORBC.COM,2018-08-16T22:57:49Z,M3SSB@INFORBC.COM
M3SSB@INFORBC.COM,2018-08-16T22:57:49Z,M3SSB@INFORBC.COM
M3SSB@INFORBC.COM,2018-08-16T22:57:49Z,M3SSB@INFORBC.COM
M3SSB@INFORBC.COM,2018-08-16T22:57:50Z,M3SSB@INFORBC.COM
M3SSB@INFORBC.COM,2018-08-16T22:57:50Z,M3SSB@INFORBC.COM
M3SSB@INFORBC.COM,2018-08-16T22:57:50Z,M3SSB@INFORBC.COM
M3SSB@INFORBC.COM,2018-08-16T22:57:51Z,M3SSB@INFORBC.COM
M3SSB@INFORBC.COM,2018-08-16T22:57:51Z,M3SSB@INFORBC.COM
M3SSB@INFORBC.COM,2018-08-16T22:57:51Z,M3SSB@INFORBC.COM
M3SSB@INFORBC.COM,2018-08-16T22:57:51Z,M3SSB@INFORBC.COM
M3SSB@INFORBC.COM,2018-08-16T22:57:51Z,M3SSB@INFORBC.COM
M3SSB@INFORBC.COM,2018-08-16T22:57:52Z,M3SSB@INFORBC.COM
M3SSB@INFORBC.COM,2018-08-16T22:57:52Z,M3SSB@INFORBC.COM
M3SSB@INFORBC.COM,2018-08-16T22:57:52Z,M3SSB@INFORBC.COM
M3SSB@INFORBC.COM,2018-08-16T22:57:52Z,M3SSB@INFORBC.COM
M3SSB@INFORBC.COM,2018-08-16T22:57:53Z,M3SSB@INFORBC.COM
M3SSB@INFORBC.COM,2018-08-16T22:57:53Z,M3SSB@INFORBC.COM
M3SSB@INFORBC.COM,2018-08-16T22:57:53Z,M3SSB@INFORBC.COM
M3SSB@INFORBC.COM,2018-08-16T22:57:54Z,M3SSB@INFORBC.COM
M3SSB@INFORBC.COM,2018-08-16T22:57:54Z,M3SSB@INFORBC.COM
M3SSB@INFORBC.COM,2018-08-16T22:57:54Z,M3SSB@INFORBC.COM
M3SSB@INFORBC.COM,2018-08-16T22:57:55Z,M3SSB@INFORBC.COM
M3SSB@INFORBC.COM,2018-08-16T22:57:55Z,M3SSB@INFORBC.COM
M3SSB@INFORBC.COM,2018-08-16T22:57:55Z,M3SSB@INFORBC.COM
M3SSB@INFORBC.COM,2018-08-16T22:57:55Z,M3SSB@INFORBC.COM
M3SSB@INFORBC.COM,2018-08-16T22:57:56Z,M3SSB@INFORBC.COM
M3SSB@INFORBC.COM,2018-08-16T22:57:56Z,M3SSB@INFORBC.COM
M3SSB@INFORBC.COM,2018-08-16T22:57:56Z,M3SSB@INFORBC.COM
M3SSB@INFORBC.COM,2018-08-16T22:57:56Z,M3SSB@INFORBC.COM
M3SSB@INFORBC.COM,2018-08-16T22:57:57Z,M3SSB@INFORBC.COM
M3SSB@INFORBC.COM,2018-08-16T22:57:57Z,M3SSB@INFORBC.COM
M3SSB@INFORBC.COM,2018-08-16T22:57:57Z,M3SSB@INFORBC.COM
M3SSB@INFORBC.COM,2018-08-16T22:57:57Z,M3SSB@INFORBC.COM
M3SSB@INFORBC.COM,2018-08-16T22:57:57Z,M3SSB@INFORBC.COM
M3SSB@INFORBC.COM,2018-08-16T22:57:57Z,M3SSB@INFORBC.COM
M3SSB@INFORBC.COM,2018-08-16T22:57:58Z,M3SSB@INFORBC.COM
M3SSB@INFORBC.COM,2018-08-16T22:57:58Z,M3SSB@INFORBC.COM
M3SSB@INFORBC.COM,2018-08-16T22:57:58Z,M3SSB@INFORBC.COM
M3SSB@INFORBC.COM,2018-08-16T22:57:58Z,M3SSB@INFORBC.COM
M3SSB@INFORBC.COM,2018-08-16T22:57:58Z,M3SSB@INFORBC.COM
M3SSB@INFORBC.COM,2018-08-16T22:57:58Z,M3SSB@INFORBC.COM
M3SSB@INFORBC.COM,2018-08-16T22:57:59Z,M3SSB@INFORBC.COM
M3SSB@INFORBC.COM,2018-08-16T22:57:59Z,M3SSB@INFORBC.COM
M3SSB@INFORBC.COM,2018-08-16T22:57:59Z,M3SSB@INFORBC.COM
M3SSB@INFORBC.COM,2018-08-16T22:57:59Z,M3SSB@INFORBC.COM
M3SSB@INFORBC.COM,2018-08-16T22:58:00Z,M3SSB@INFORBC.COM
M3SSB@INFORBC.COM,2018-08-16T22:58:00Z,M3SSB@INFORBC.COM
M3SSB@INFORBC.COM,2018-08-16T22:58:00Z,M3SSB@INFORBC.COM
M3SSB@INFORBC.COM,2018-08-16T22:58:00Z,M3SSB@INFORBC.COM
M3SSB@INFORBC.COM,2018-08-16T22:58:01Z,M3SSB@INFORBC.COM
M3SSB@INFORBC.COM,2018-08-16T22:58:01Z,M3SSB@INFORBC.COM
M3SSB@INFORBC.COM,2018-08-16T22:58:01Z,M3SSB@INFORBC.COM
M3SSB@INFORBC.COM,2018-08-16T22:58:01Z,M3SSB@INFORBC.COM
M3SSB@INFORBC.COM,2018-08-16T22:58:02Z,M3SSB@INFORBC.COM
M3SSB@INFORBC.COM,2018-08-16T22:58:02Z,M3SSB@INFORBC.COM
M3SSB@INFORBC.COM,2018-08-16T22:58:02Z,M3SSB@INFORBC.COM
M3SSB@INFORBC.COM,2018-08-16T22:58:02Z,M3SSB@INFORBC.COM
M3SSB@INFORBC.COM,2018-08-16T22:58:03Z,M3SSB@INFORBC.COM
M3SSB@INFORBC.COM,2018-08-16T22:58:03Z,M3SSB@INFORBC.COM
M3SSB@INFORBC.COM,2018-08-16T22:58:03Z,M3SSB@INFORBC.COM
M3SSB@INFORBC.COM,2018-08-16T22:58:03Z,M3SSB@INFORBC.COM
M3SSB@INFORBC.COM,2018-08-16T22:58:03Z,M3SSB@INFORBC.COM
M3SSB@INFORBC.COM,2018-08-16T22:58:04Z,M3SSB@INFORBC.COM
M3SSB@INFORBC.COM,2018-08-16T22:58:04Z,M3SSB@INFORBC.COM
M3SSB@INFORBC.COM,2018-08-16T22:58:04Z,M3SSB@INFORBC.COM
M3SSB@INFORBC.COM,2018-08-16T22:58:04Z,M3SSB@INFORBC.COM
M3SSB@INFORBC.COM,2018-08-16T22:58:04Z,M3SSB@INFORBC.COM
M3SSB@INFORBC.COM,2018-08-16T22:58:05Z,M3SSB@INFORBC.COM
M3SSB@INFORBC.COM,2018-08-16T22:58:05Z,M3SSB@INFORBC.COM
M3SSB@INFORBC.COM,2018-08-16T22:58:05Z,M3SSB@INFORBC.COM
M3SSB@INFORBC.COM,2018-08-16T22:58:05Z,M3SSB@INFORBC.COM
M3SSB@INFORBC.COM,2018-08-16T22:58:05Z,M3SSB@INFORBC.COM
M3SSB@INFORBC.COM,2018-08-16T22:58:06Z,M3SSB@INFORBC.COM
M3SSB@INFORBC.COM,2018-08-16T22:58:06Z,M3SSB@INFORBC.COM
M3SSB@INFORBC.COM,2018-08-16T22:58:06Z,M3SSB@INFORBC.COM
M3SSB@INFORBC.COM,2018-08-16T22:58:06Z,M3SSB@INFORBC.COM
M3SSB@INFORBC.COM,2018-08-16T22:58:06Z,M3SSB@INFORBC.COM
M3SSB@INFORBC.COM,2018-08-16T22:58:07Z,M3SSB@INFORBC.COM
M3SSB@INFORBC.COM,2018-08-16T22:58:07Z,M3SSB@INFORBC.COM
M3SSB@INFORBC.COM,2018-08-16T22:58:07Z,M3SSB@INFORBC.COM
M3SSB@INFORBC.COM,2018-08-16T22:58:07Z,M3SSB@INFORBC.COM
M3SSB@INFORBC.COM,2018-08-16T22:58:07Z,M3SSB@INFORBC.COM
M3SSB@INFORBC.COM,2018-08-16T22:58:08Z,M3SSB@INFORBC.COM
M3SSB@INFORBC.COM,2018-08-16T22:58:08Z,M3SSB@INFORBC.COM
M3SSB@INFORBC.COM,2018-08-16T22:58:08Z,M3SSB@INFORBC.COM
M3SSB@INFORBC.COM,2018-08-16T22:58:08Z,M3SSB@INFORBC.COM
M3SSB@INFORBC.COM,2018-08-16T22:58:09Z,M3SSB@INFORBC.COM
M3SSB@INFORBC.COM,2018-08-16T22:58:09Z,M3SSB@INFORBC.COM
M3SSB@INFORBC.COM,2018-08-16T22:58:09Z,M3SSB@INFORBC.COM
M3SSB@INFORBC.COM,2018-08-16T22:58:10Z,M3SSB@INFORBC.COM
M3SSB@INFORBC.COM,2018-08-16T22:58:10Z,M3SSB@INFORBC.COM
M3SSB@INFORBC.COM,2018-08-16T22:58:10Z,M3SSB@INFORBC.COM
M3SSB@INFORBC.COM,2018-08-16T22:58:10Z,M3SSB@INFORBC.COM
M3SSB@INFORBC.COM,2018-08-16T22:58:10Z,M3SSB@INFORBC.COM
M3SSB@INFORBC.COM,2018-08-16T22:58:11Z,M3SSB@INFORBC.COM
M3SSB@INFORBC.COM,2018-08-16T22:58:11Z,M3SSB@INFORBC.COM
M3SSB@INFORBC.COM,2018-08-16T22:58:11Z,M3SSB@INFORBC.COM
M3SSB@INFORBC.COM,2018-08-16T22:58:12Z,M3SSB@INFORBC.COM
M3SSB@INFORBC.COM,2018-08-16T22:58:12Z,M3SSB@INFORBC.COM
M3SSB@INFORBC.COM,2018-08-16T22:58:12Z,M3SSB@INFORBC.COM
M3SSB@INFORBC.COM,2018-08-16T22:58:12Z,M3SSB@INFORBC.COM
M3SSB@INFORBC.COM,2018-08-16T22:58:12Z,M3SSB@INFORBC.COM
M3SSB@INFORBC.COM,2018-08-16T22:58:12Z,M3SSB@INFORBC.COM
M3SSB@INFORBC.COM,2018-08-16T22:58:13Z,M3SSB@INFORBC.COM
M3SSB@INFORBC.COM,2018-08-16T22:58:13Z,M3SSB@INFORBC.COM
M3SSB@INFORBC.COM,2018-08-16T22:58:13Z,M3SSB@INFORBC.COM
M3SSB@INFORBC.COM,2018-08-16T22:58:13Z,M3SSB@INFORBC.COM
M3SSB@INFORBC.COM,2018-08-16T22:58:13Z,M3SSB@INFORBC.COM
M3SSB@INFORBC.COM,2018-08-16T22:58:13Z,M3SSB@INFORBC.COM
M3SSB@INFORBC.COM,2018-08-16T22:58:14Z,M3SSB@INFORBC.COM
M3SSB@INFORBC.COM,2018-08-16T22:58:14Z,M3SSB@INFORBC.COM
M3SSB@INFORBC.COM,2018-08-16T22:58:14Z,M3SSB@INFORBC.COM
M3SSB@INFORBC.COM,2018-08-16T22:58:14Z,M3SSB@INFORBC.COM
M3SSB@INFORBC.COM,2018-08-16T22:58:14Z,M3SSB@INFORBC.COM
M3SSB@INFORBC.COM,2018-08-16T22:58:15Z,M3SSB@INFORBC.COM
M3SSB@INFORBC.COM,2018-08-16T22:58:15Z,M3SSB@INFORBC.COM
M3SSB@INFORBC.COM,2018-08-16T22:58:15Z,M3SSB@INFORBC.COM
M3SSB@INFORBC.COM,2018-08-16T22:58:15Z,M3SSB@INFORBC.COM
M3SSB@INFORBC.COM,2018-08-16T22:58:15Z,M3SSB@INFORBC.COM
M3SSB@INFORBC.COM,2018-08-16T22:58:15Z,M3SSB@INFORBC.COM
M3SSB@INFORBC.COM,2018-08-16T22:58:16Z,M3SSB@INFORBC.COM
M3SSB@INFORBC.COM,2018-08-16T22:58:16Z,M3SSB@INFORBC.COM
M3SSB@INFORBC.COM,2018-08-16T22:58:16Z,M3SSB@INFORBC.COM
M3SSB@INFORBC.COM,2018-08-16T22:58:16Z,M3SSB@INFORBC.COM
M3SSB@INFORBC.COM,2018-08-16T22:58:16Z,M3SSB@INFORBC.COM
M3SSB@INFORBC.COM,2018-08-16T22:58:17Z,M3SSB@INFORBC.COM
M3SSB@INFORBC.COM,2018-08-16T22:58:17Z,M3SSB@INFORBC.COM
M3SSB@INFORBC.COM,2018-08-16T22:58:17Z,M3SSB@INFORBC.COM
M3SSB@INFORBC.COM,2018-08-16T22:58:17Z,M3SSB@INFORBC.COM
M3SSB@INFORBC.COM,2018-08-16T22:58:18Z,M3SSB@INFORBC.COM
M3SSB@INFORBC.COM,2018-08-16T22:58:18Z,M3SSB@INFORBC.COM
M3SSB@INFORBC.COM,2018-08-16T22:58:18Z,M3SSB@INFORBC.COM
M3SSB@INFORBC.COM,2018-08-16T22:58:18Z,M3SSB@INFORBC.COM
M3SSB@INFORBC.COM,2018-08-16T22:58:19Z,M3SSB@INFORBC.COM
M3SSB@INFORBC.COM,2018-08-16T22:58:19Z,M3SSB@INFORBC.COM
M3SSB@INFORBC.COM,2018-08-16T22:58:19Z,M3SSB@INFORBC.COM
M3SSB@INFORBC.COM,2018-08-16T22:58:20Z,M3SSB@INFORBC.COM
M3SSB@INFORBC.COM,2018-08-16T22:58:20Z,M3SSB@INFORBC.COM
M3SSB@INFORBC.COM,2018-08-16T22:58:20Z,M3SSB@INFORBC.COM
M3SSB@INFORBC.COM,2018-08-16T22:58:20Z,M3SSB@INFORBC.COM
M3SSB@INFORBC.COM,2018-08-16T22:58:20Z,M3SSB@INFORBC.COM
M3SSB@INFORBC.COM,2018-08-16T22:58:21Z,M3SSB@INFORBC.COM
M3SSB@INFORBC.COM,2018-08-16T22:58:21Z,M3SSB@INFORBC.COM
M3SSB@INFORBC.COM,2018-08-16T23:24:23Z,M3SSB@INFORBC.COM
M3SSB@INFORBC.COM,2018-08-16T23:24:23Z,M3SSB@INFORBC.COM
M3SSB@INFORBC.COM,2018-08-16T23:24:23Z,M3SSB@INFORBC.COM
M3SSB@INFORBC.COM,2018-08-16T23:24:23Z,M3SSB@INFORBC.COM
M3SSB@INFORBC.COM,2018-08-16T23:24:24Z,M3SSB@INFORBC.COM
M3SSB@INFORBC.COM,2018-08-16T23:24:24Z,M3SSB@INFORBC.COM
M3SSB@INFORBC.COM,2018-08-16T23:24:24Z,M3SSB@INFORBC.COM
M3SSB@INFORBC.COM,2018-08-16T23:24:24Z,M3SSB@INFORBC.COM
M3SSB@INFORBC.COM,2018-08-16T23:24:25Z,M3SSB@INFORBC.COM
M3SSB@INFORBC.COM,2018-08-16T23:24:25Z,M3SSB@INFORBC.COM
M3SSB@INFORBC.COM,2018-08-16T23:24:25Z,M3SSB@INFORBC.COM
M3SSB@INFORBC.COM,2018-08-16T23:24:25Z,M3SSB@INFORBC.COM
M3SSB@INFORBC.COM,2018-08-16T23:24:26Z,M3SSB@INFORBC.COM
M3SSB@INFORBC.COM,2018-08-16T23:24:26Z,M3SSB@INFORBC.COM
M3SSB@INFORBC.COM,2018-08-16T23:24:26Z,M3SSB@INFORBC.COM
M3SSB@INFORBC.COM,2018-08-16T23:24:26Z,M3SSB@INFORBC.COM
M3SSB@INFORBC.COM,2018-08-16T23:24:26Z,M3SSB@INFORBC.COM
M3SSB@INFORBC.COM,2018-08-16T23:24:27Z,M3SSB@INFORBC.COM
M3SSB@INFORBC.COM,2018-08-16T23:24:27Z,M3SSB@INFORBC.COM
M3SSB@INFORBC.COM,2018-08-16T23:24:27Z,M3SSB@INFORBC.COM
M3SSB@INFORBC.COM,2018-08-16T23:24:27Z,M3SSB@INFORBC.COM
M3SSB@INFORBC.COM,2018-08-16T23:24:28Z,M3SSB@INFORBC.COM
M3SSB@INFORBC.COM,2018-08-16T23:24:28Z,M3SSB@INFORBC.COM
M3SSB@INFORBC.COM,2018-08-16T23:24:28Z,M3SSB@INFORBC.COM
M3SSB@INFORBC.COM,2018-08-16T23:24:29Z,M3SSB@INFORBC.COM
M3SSB@INFORBC.COM,2018-08-16T23:24:29Z,M3SSB@INFORBC.COM
M3SSB@INFORBC.COM,2018-08-16T23:24:29Z,M3SSB@INFORBC.COM
M3SSB@INFORBC.COM,2018-08-16T23:24:29Z,M3SSB@INFORBC.COM
M3SSB@INFORBC.COM,2018-08-16T23:24:29Z,M3SSB@INFORBC.COM
M3SSB@INFORBC.COM,2018-08-16T23:24:29Z,M3SSB@INFORBC.COM
M3SSB@INFORBC.COM,2018-08-16T23:24:30Z,M3SSB@INFORBC.COM
M3SSB@INFORBC.COM,2018-08-16T23:24:30Z,M3SSB@INFORBC.COM
M3SSB@INFORBC.COM,2018-08-16T23:24:30Z,M3SSB@INFORBC.COM
M3SSB@INFORBC.COM,2018-08-16T23:24:30Z,M3SSB@INFORBC.COM
M3SSB@INFORBC.COM,2018-08-16T23:24:31Z,M3SSB@INFORBC.COM
M3SSB@INFORBC.COM,2018-08-16T23:24:31Z,M3SSB@INFORBC.COM
M3SSB@INFORBC.COM,2018-08-16T23:24:31Z,M3SSB@INFORBC.COM
M3SSB@INFORBC.COM,2018-08-16T23:24:31Z,M3SSB@INFORBC.COM
M3SSB@INFORBC.COM,2018-08-16T23:24:31Z,M3SSB@INFORBC.COM
M3SSB@INFORBC.COM,2018-08-16T23:24:31Z,M3SSB@INFORBC.COM
M3SSB@INFORBC.COM,2018-08-16T23:24:32Z,M3SSB@INFORBC.COM
M3SSB@INFORBC.COM,2018-08-16T23:24:32Z,M3SSB@INFORBC.COM
M3SSB@INFORBC.COM,2018-08-16T23:24:32Z,M3SSB@INFORBC.COM
M3SSB@INFORBC.COM,2018-08-16T23:24:32Z,M3SSB@INFORBC.COM
M3SSB@INFORBC.COM,2018-08-16T23:24:33Z,M3SSB@INFORBC.COM
M3SSB@INFORBC.COM,2018-08-16T23:24:33Z,M3SSB@INFORBC.COM
M3SSB@INFORBC.COM,2018-08-16T23:24:33Z,M3SSB@INFORBC.COM
M3SSB@INFORBC.COM,2018-08-16T23:24:34Z,M3SSB@INFORBC.COM
M3SSB@INFORBC.COM,2018-08-16T23:24:34Z,M3SSB@INFORBC.COM
M3SSB@INFORBC.COM,2018-08-16T23:24:34Z,M3SSB@INFORBC.COM
M3SSB@INFORBC.COM,2018-08-16T23:24:34Z,M3SSB@INFORBC.COM
M3SSB@INFORBC.COM,2018-08-16T23:24:34Z,M3SSB@INFORBC.COM
M3SSB@INFORBC.COM,2018-08-16T23:24:34Z,M3SSB@INFORBC.COM
M3SSB@INFORBC.COM,2018-08-16T23:24:35Z,M3SSB@INFORBC.COM
M3SSB@INFORBC.COM,2018-08-16T23:24:35Z,M3SSB@INFORBC.COM
M3SSB@INFORBC.COM,2018-08-16T23:24:35Z,M3SSB@INFORBC.COM
M3SSB@INFORBC.COM,2018-08-16T23:24:36Z,M3SSB@INFORBC.COM
M3SSB@INFORBC.COM,2018-08-16T23:24:36Z,M3SSB@INFORBC.COM
M3SSB@INFORBC.COM,2018-08-16T23:24:36Z,M3SSB@INFORBC.COM
M3SSB@INFORBC.COM,2018-08-16T23:24:36Z,M3SSB@INFORBC.COM
M3SSB@INFORBC.COM,2018-08-16T23:24:37Z,M3SSB@INFORBC.COM
M3SSB@INFORBC.COM,2018-08-16T23:24:38Z,M3SSB@INFORBC.COM
M3SSB@INFORBC.COM,2018-08-16T23:24:38Z,M3SSB@INFORBC.COM
M3SSB@INFORBC.COM,2018-08-16T23:24:38Z,M3SSB@INFORBC.COM
M3SSB@INFORBC.COM,2018-08-16T23:24:38Z,M3SSB@INFORBC.COM
M3SSB@INFORBC.COM,2018-08-16T23:24:39Z,M3SSB@INFORBC.COM
M3SSB@INFORBC.COM,2018-08-16T23:24:39Z,M3SSB@INFORBC.COM
M3SSB@INFORBC.COM,2018-08-16T23:24:39Z,M3SSB@INFORBC.COM
M3SSB@INFORBC.COM,2018-08-16T23:24:39Z,M3SSB@INFORBC.COM
M3SSB@INFORBC.COM,2018-08-16T23:24:39Z,M3SSB@INFORBC.COM
M3SSB@INFORBC.COM,2018-08-16T23:24:40Z,M3SSB@INFORBC.COM
M3SSB@INFORBC.COM,2018-08-16T23:24:40Z,M3SSB@INFORBC.COM
M3SSB@INFORBC.COM,2018-08-16T23:24:40Z,M3SSB@INFORBC.COM
M3SSB@INFORBC.COM,2018-08-16T23:24:40Z,M3SSB@INFORBC.COM
M3SSB@INFORBC.COM,2018-08-16T23:24:40Z,M3SSB@INFORBC.COM
M3SSB@INFORBC.COM,2018-08-16T23:24:41Z,M3SSB@INFORBC.COM
M3SSB@INFORBC.COM,2018-08-16T23:24:41Z,M3SSB@INFORBC.COM
M3SSB@INFORBC.COM,2018-08-16T23:24:41Z,M3SSB@INFORBC.COM
M3SSB@INFORBC.COM,2018-08-16T23:24:41Z,M3SSB@INFORBC.COM
M3SSB@INFORBC.COM,2018-08-16T23:24:42Z,M3SSB@INFORBC.COM
M3SSB@INFORBC.COM,2018-08-16T23:24:42Z,M3SSB@INFORBC.COM
M3SSB@INFORBC.COM,2018-08-16T23:24:42Z,M3SSB@INFORBC.COM
M3SSB@INFORBC.COM,2018-08-16T23:24:42Z,M3SSB@INFORBC.COM
M3SSB@INFORBC.COM,2018-08-16T23:24:43Z,M3SSB@INFORBC.COM
M3SSB@INFORBC.COM,2018-08-16T23:24:43Z,M3SSB@INFORBC.COM
M3SSB@INFORBC.COM,2018-08-16T23:24:43Z,M3SSB@INFORBC.COM
M3SSB@INFORBC.COM,2018-08-16T23:24:44Z,M3SSB@INFORBC.COM
M3SSB@INFORBC.COM,2018-08-16T23:24:44Z,M3SSB@INFORBC.COM
M3SSB@INFORBC.COM,2018-08-16T23:24:44Z,M3SSB@INFORBC.COM
M3SSB@INFORBC.COM,2018-08-16T23:24:44Z,M3SSB@INFORBC.COM
M3SSB@INFORBC.COM,2018-08-16T23:24:44Z,M3SSB@INFORBC.COM
M3SSB@INFORBC.COM,2018-08-16T23:24:45Z,M3SSB@INFORBC.COM
M3SSB@INFORBC.COM,2018-08-16T23:24:45Z,M3SSB@INFORBC.COM
M3SSB@INFORBC.COM,2018-08-16T23:24:45Z,M3SSB@INFORBC.COM
M3SSB@INFORBC.COM,2018-08-16T23:24:45Z,M3SSB@INFORBC.COM
M3SSB@INFORBC.COM,2018-08-16T23:24:45Z,M3SSB@INFORBC.COM
M3SSB@INFORBC.COM,2018-08-16T23:24:46Z,M3SSB@INFORBC.COM
M3SSB@INFORBC.COM,2018-08-16T23:24:46Z,M3SSB@INFORBC.COM
M3SSB@INFORBC.COM,2018-08-16T23:24:46Z,M3SSB@INFORBC.COM
M3SSB@INFORBC.COM,2018-08-16T23:24:46Z,M3SSB@INFORBC.COM
M3SSB@INFORBC.COM,2018-08-16T23:24:46Z,M3SSB@INFORBC.COM
M3SSB@INFORBC.COM,2018-08-16T23:24:47Z,M3SSB@INFORBC.COM
M3SSB@INFORBC.COM,2018-08-16T23:24:47Z,M3SSB@INFORBC.COM
M3SSB@INFORBC.COM,2018-08-16T23:24:47Z,M3SSB@INFORBC.COM
M3SSB@INFORBC.COM,2018-08-16T23:24:47Z,M3SSB@INFORBC.COM
M3SSB@INFORBC.COM,2018-08-16T23:24:47Z,M3SSB@INFORBC.COM
M3SSB@INFORBC.COM,2018-08-16T23:24:48Z,M3SSB@INFORBC.COM
M3SSB@INFORBC.COM,2018-08-16T23:24:48Z,M3SSB@INFORBC.COM
M3SSB@INFORBC.COM,2018-08-16T23:24:48Z,M3SSB@INFORBC.COM
M3SSB@INFORBC.COM,2018-08-16T23:24:48Z,M3SSB@INFORBC.COM
M3SSB@INFORBC.COM,2018-08-16T23:24:49Z,M3SSB@INFORBC.COM
M3SSB@INFORBC.COM,2018-08-16T23:24:49Z,M3SSB@INFORBC.COM
M3SSB@INFORBC.COM,2018-08-16T23:24:49Z,M3SSB@INFORBC.COM
M3SSB@INFORBC.COM,2018-08-16T23:24:49Z,M3SSB@INFORBC.COM
M3SSB@INFORBC.COM,2018-08-16T23:24:49Z,M3SSB@INFORBC.COM
M3SSB@INFORBC.COM,2018-08-16T23:24:50Z,M3SSB@INFORBC.COM
M3SSB@INFORBC.COM,2018-08-16T23:24:50Z,M3SSB@INFORBC.COM
M3SSB@INFORBC.COM,2018-08-16T23:24:50Z,M3SSB@INFORBC.COM
M3SSB@INFORBC.COM,2018-08-16T23:24:50Z,M3SSB@INFORBC.COM
M3SSB@INFORBC.COM,2018-08-16T23:24:50Z,M3SSB@INFORBC.COM
M3SSB@INFORBC.COM,2018-08-16T23:24:51Z,M3SSB@INFORBC.COM
M3SSB@INFORBC.COM,2018-08-16T23:24:51Z,M3SSB@INFORBC.COM
M3SSB@INFORBC.COM,2018-08-16T23:24:51Z,M3SSB@INFORBC.COM
M3SSB@INFORBC.COM,2018-08-16T23:24:51Z,M3SSB@INFORBC.COM
M3SSB@INFORBC.COM,2018-08-16T23:24:51Z,M3SSB@INFORBC.COM
M3SSB@INFORBC.COM,2018-08-16T23:24:52Z,M3SSB@INFORBC.COM
M3SSB@INFORBC.COM,2018-08-16T23:24:52Z,M3SSB@INFORBC.COM
M3SSB@INFORBC.COM,2018-08-16T23:24:52Z,M3SSB@INFORBC.COM
M3SSB@INFORBC.COM,2018-08-16T23:24:52Z,M3SSB@INFORBC.COM
M3SSB@INFORBC.COM,2018-08-16T23:24:52Z,M3SSB@INFORBC.COM
M3SSB@INFORBC.COM,2018-08-16T23:24:53Z,M3SSB@INFORBC.COM
M3SSB@INFORBC.COM,2018-08-16T23:24:53Z,M3SSB@INFORBC.COM
M3SSB@INFORBC.COM,2018-08-16T23:24:53Z,M3SSB@INFORBC.COM
M3SSB@INFORBC.COM,2018-08-16T23:24:53Z,M3SSB@INFORBC.COM
M3SSB@INFORBC.COM,2018-08-16T23:24:54Z,M3SSB@INFORBC.COM
M3SSB@INFORBC.COM,2018-08-16T23:24:54Z,M3SSB@INFORBC.COM
M3SSB@INFORBC.COM,2018-08-16T23:24:54Z,M3SSB@INFORBC.COM
M3SSB@INFORBC.COM,2018-08-16T23:24:55Z,M3SSB@INFORBC.COM
M3SSB@INFORBC.COM,2018-08-16T23:24:55Z,M3SSB@INFORBC.COM
M3SSB@INFORBC.COM,2018-08-16T23:24:55Z,M3SSB@INFORBC.COM
M3SSB@INFORBC.COM,2018-08-16T23:24:56Z,M3SSB@INFORBC.COM
M3SSB@INFORBC.COM,2018-08-16T23:24:56Z,M3SSB@INFORBC.COM
M3SSB@INFORBC.COM,2018-08-16T23:24:56Z,M3SSB@INFORBC.COM
M3SSB@INFORBC.COM,2018-08-16T23:24:56Z,M3SSB@INFORBC.COM
M3SSB@INFORBC.COM,2018-08-16T23:24:57Z,M3SSB@INFORBC.COM
M3SSB@INFORBC.COM,2018-08-16T23:24:57Z,M3SSB@INFORBC.COM
M3SSB@INFORBC.COM,2018-08-16T23:24:57Z,M3SSB@INFORBC.COM
M3SSB@INFORBC.COM,2018-08-16T23:24:57Z,M3SSB@INFORBC.COM
M3SSB@INFORBC.COM,2018-08-16T23:24:58Z,M3SSB@INFORBC.COM
M3SSB@INFORBC.COM,2018-08-16T23:24:58Z,M3SSB@INFORBC.COM
M3SSB@INFORBC.COM,2018-08-16T23:24:58Z,M3SSB@INFORBC.COM
M3SSB@INFORBC.COM,2018-08-16T23:24:58Z,M3SSB@INFORBC.COM
M3SSB@INFORBC.COM,2018-08-16T23:24:58Z,M3SSB@INFORBC.COM
M3SSB@INFORBC.COM,2018-08-16T23:24:59Z,M3SSB@INFORBC.COM
M3SSB@INFORBC.COM,2018-08-16T23:24:59Z,M3SSB@INFORBC.COM
M3SSB@INFORBC.COM,2018-08-16T23:24:59Z,M3SSB@INFORBC.COM
M3SSB@INFORBC.COM,2018-08-16T23:24:59Z,M3SSB@INFORBC.COM
M3SSB@INFORBC.COM,2018-08-16T23:25:00Z,M3SSB@INFORBC.COM
M3SSB@INFORBC.COM,2018-08-16T23:25:00Z,M3SSB@INFORBC.COM
M3SSB@INFORBC.COM,2018-08-16T23:25:00Z,M3SSB@INFORBC.COM
M3SSB@INFORBC.COM,2018-08-16T23:25:00Z,M3SSB@INFORBC.COM
M3SSB@INFORBC.COM,2018-08-16T23:25:00Z,M3SSB@INFORBC.COM
M3SSB@INFORBC.COM,2018-08-16T23:25:01Z,M3SSB@INFORBC.COM
M3SSB@INFORBC.COM,2018-08-16T23:25:01Z,M3SSB@INFORBC.COM
M3SSB@INFORBC.COM,2018-08-16T23:25:01Z,M3SSB@INFORBC.COM
M3SSB@INFORBC.COM,2018-08-16T23:25:01Z,M3SSB@INFORBC.COM
M3SSB@INFORBC.COM,2018-08-16T23:25:01Z,M3SSB@INFORBC.COM
M3SSB@INFORBC.COM,2018-08-16T23:25:01Z,M3SSB@INFORBC.COM
M3SSB@INFORBC.COM,2018-08-16T23:25:02Z,M3SSB@INFORBC.COM
M3SSB@INFORBC.COM,2018-08-16T23:25:02Z,M3SSB@INFORBC.COM
M3SSB@INFORBC.COM,2018-08-16T23:25:02Z,M3SSB@INFORBC.COM
M3SSB@INFORBC.COM,2018-08-16T23:25:02Z,M3SSB@INFORBC.COM
M3SSB@INFORBC.COM,2018-08-16T23:25:03Z,M3SSB@INFORBC.COM
M3SSB@INFORBC.COM,2018-08-16T23:25:03Z,M3SSB@INFORBC.COM
M3SSB@INFORBC.COM,2018-08-16T23:25:03Z,M3SSB@INFORBC.COM
M3SSB@INFORBC.COM,2018-08-16T23:25:03Z,M3SSB@INFORBC.COM
M3SSB@INFORBC.COM,2018-08-16T23:25:03Z,M3SSB@INFORBC.COM
M3SSB@INFORBC.COM,2018-08-16T23:25:04Z,M3SSB@INFORBC.COM
M3SSB@INFORBC.COM,2018-08-16T23:25:04Z,M3SSB@INFORBC.COM
M3SSB@INFORBC.COM,2018-08-16T23:25:05Z,M3SSB@INFORBC.COM
M3SSB@INFORBC.COM,2018-08-16T23:25:05Z,M3SSB@INFORBC.COM
M3SSB@INFORBC.COM,2018-08-16T23:25:05Z,M3SSB@INFORBC.COM
M3SSB@INFORBC.COM,2018-08-16T23:25:06Z,M3SSB@INFORBC.COM
M3SSB@INFORBC.COM,2018-08-16T23:25:06Z,M3SSB@INFORBC.COM
M3SSB@INFORBC.COM,2018-08-16T23:25:06Z,M3SSB@INFORBC.COM
M3SSB@INFORBC.COM,2018-08-16T23:25:06Z,M3SSB@INFORBC.COM
M3SSB@INFORBC.COM,2018-08-16T23:25:06Z,M3SSB@INFORBC.COM
M3SSB@INFORBC.COM,2018-08-16T23:25:07Z,M3SSB@INFORBC.COM
M3SSB@INFORBC.COM,2018-08-16T23:25:07Z,M3SSB@INFORBC.COM
M3SSB@INFORBC.COM,2018-08-16T23:25:07Z,M3SSB@INFORBC.COM
M3SSB@INFORBC.COM,2018-08-16T23:25:07Z,M3SSB@INFORBC.COM
M3SSB@INFORBC.COM,2018-08-16T23:25:08Z,M3SSB@INFORBC.COM
M3SSB@INFORBC.COM,2018-08-16T23:25:08Z,M3SSB@INFORBC.COM
M3SSB@INFORBC.COM,2018-08-16T23:25:08Z,M3SSB@INFORBC.COM
M3SSB@INFORBC.COM,2018-08-16T23:25:08Z,M3SSB@INFORBC.COM
M3SSB@INFORBC.COM,2018-08-16T23:25:08Z,M3SSB@INFORBC.COM
M3SSB@INFORBC.COM,2018-08-16T23:25:09Z,M3SSB@INFORBC.COM
M3SSB@INFORBC.COM,2018-08-16T23:25:09Z,M3SSB@INFORBC.COM
M3SSB@INFORBC.COM,2018-08-16T23:25:09Z,M3SSB@INFORBC.COM
M3SSB@INFORBC.COM,2018-08-16T23:25:09Z,M3SSB@INFORBC.COM
M3SSB@INFORBC.COM,2018-08-16T23:25:10Z,M3SSB@INFORBC.COM
M3SSB@INFORBC.COM,2018-08-16T23:25:10Z,M3SSB@INFORBC.COM
M3SSB@INFORBC.COM,2018-08-16T23:25:10Z,M3SSB@INFORBC.COM
M3SSB@INFORBC.COM,2018-08-16T23:25:10Z,M3SSB@INFORBC.COM
M3SSB@INFORBC.COM,2018-08-16T23:25:11Z,M3SSB@INFORBC.COM
M3SSB@INFORBC.COM,2018-08-16T23:25:11Z,M3SSB@INFORBC.COM
M3SSB@INFORBC.COM,2018-08-16T23:25:11Z,M3SSB@INFORBC.COM
M3SSB@INFORBC.COM,2018-08-16T23:25:11Z,M3SSB@INFORBC.COM
M3SSB@INFORBC.COM,2018-08-16T23:25:11Z,M3SSB@INFORBC.COM
M3SSB@INFORBC.COM,2018-08-16T23:25:11Z,M3SSB@INFORBC.COM
M3SSB@INFORBC.COM,2018-08-16T23:25:12Z,M3SSB@INFORBC.COM
M3SSB@INFORBC.COM,2018-08-16T23:25:12Z,M3SSB@INFORBC.COM
M3SSB@INFORBC.COM,2018-08-16T23:25:12Z,M3SSB@INFORBC.COM
M3SSB@INFORBC.COM,2018-08-16T23:25:12Z,M3SSB@INFORBC.COM
M3SSB@INFORBC.COM,2018-08-16T23:25:12Z,M3SSB@INFORBC.COM
M3SSB@INFORBC.COM,2018-08-16T23:25:13Z,M3SSB@INFORBC.COM
M3SSB@INFORBC.COM,2018-08-16T23:25:13Z,M3SSB@INFORBC.COM
M3SSB@INFORBC.COM,2018-08-16T23:25:13Z,M3SSB@INFORBC.COM
M3SSB@INFORBC.COM,2018-08-16T23:25:13Z,M3SSB@INFORBC.COM
M3SSB@INFORBC.COM,2018-08-16T23:25:14Z,M3SSB@INFORBC.COM
M3SSB@INFORBC.COM,2018-08-16T23:25:14Z,M3SSB@INFORBC.COM
M3SSB@INFORBC.COM,2018-08-16T23:25:14Z,M3SSB@INFORBC.COM
M3SSB@INFORBC.COM,2018-08-16T23:25:14Z,M3SSB@INFORBC.COM
M3SSB@INFORBC.COM,2018-08-16T23:25:14Z,M3SSB@INFORBC.COM
M3SSB@INFORBC.COM,2018-08-16T23:25:15Z,M3SSB@INFORBC.COM
M3SSB@INFORBC.COM,2018-08-16T23:25:15Z,M3SSB@INFORBC.COM
M3SSB@INFORBC.COM,2018-08-16T23:25:15Z,M3SSB@INFORBC.COM
M3SSB@INFORBC.COM,2018-08-16T23:25:15Z,M3SSB@INFORBC.COM
M3SSB@INFORBC.COM,2018-08-16T23:25:16Z,M3SSB@INFORBC.COM
M3SSB@INFORBC.COM,2018-08-16T23:25:16Z,M3SSB@INFORBC.COM
M3SSB@INFORBC.COM,2018-08-16T23:25:16Z,M3SSB@INFORBC.COM
M3SSB@INFORBC.COM,2018-08-16T23:25:17Z,M3SSB@INFORBC.COM
M3SSB@INFORBC.COM,2018-08-16T23:25:17Z,M3SSB@INFORBC.COM
M3SSB@INFORBC.COM,2018-08-16T23:25:17Z,M3SSB@INFORBC.COM
M3SSB@INFORBC.COM,2018-08-16T23:25:17Z,M3SSB@INFORBC.COM
M3SSB@INFORBC.COM,2018-08-16T23:25:17Z,M3SSB@INFORBC.COM
M3SSB@INFORBC.COM,2018-08-16T23:25:17Z,M3SSB@INFORBC.COM
M3SSB@INFORBC.COM,2018-08-16T23:25:18Z,M3SSB@INFORBC.COM
M3SSB@INFORBC.COM,2018-08-16T23:25:18Z,M3SSB@INFORBC.COM
M3SSB@INFORBC.COM,2018-08-16T23:25:18Z,M3SSB@INFORBC.COM
M3SSB@INFORBC.COM,2018-08-16T23:25:18Z,M3SSB@INFORBC.COM
M3SSB@INFORBC.COM,2018-08-16T23:25:18Z,M3SSB@INFORBC.COM
M3SSB@INFORBC.COM,2018-08-16T23:25:19Z,M3SSB@INFORBC.COM
M3SSB@INFORBC.COM,2018-08-16T23:25:19Z,M3SSB@INFORBC.COM
M3SSB@INFORBC.COM,2018-08-16T23:25:19Z,M3SSB@INFORBC.COM
M3SSB@INFORBC.COM,2018-08-16T23:25:19Z,M3SSB@INFORBC.COM
M3SSB@INFORBC.COM,2018-08-16T23:25:19Z,M3SSB@INFORBC.COM
M3SSB@INFORBC.COM,2018-08-16T23:25:20Z,M3SSB@INFORBC.COM
M3SSB@INFORBC.COM,2018-08-16T23:25:20Z,M3SSB@INFORBC.COM
M3SSB@INFORBC.COM,2018-08-16T23:25:20Z,M3SSB@INFORBC.COM
M3SSB@INFORBC.COM,2018-08-16T23:25:20Z,M3SSB@INFORBC.COM
M3SSB@INFORBC.COM,2018-08-16T23:25:21Z,M3SSB@INFORBC.COM
M3SSB@INFORBC.COM,2018-08-16T23:25:21Z,M3SSB@INFORBC.COM
M3SSB@INFORBC.COM,2018-08-16T23:25:21Z,M3SSB@INFORBC.COM
M3SSB@INFORBC.COM,2018-08-16T23:25:21Z,M3SSB@INFORBC.COM
M3SSB@INFORBC.COM,2018-08-16T23:25:21Z,M3SSB@INFORBC.COM
M3SSB@INFORBC.COM,2018-08-16T23:25:22Z,M3SSB@INFORBC.COM
M3SSB@INFORBC.COM,2018-08-16T23:25:22Z,M3SSB@INFORBC.COM
M3SSB@INFORBC.COM,2018-08-16T23:25:22Z,M3SSB@INFORBC.COM
M3SSB@INFORBC.COM,2018-08-16T23:25:22Z,M3SSB@INFORBC.COM
M3SSB@INFORBC.COM,2018-08-16T23:25:23Z,M3SSB@INFORBC.COM
M3SSB@INFORBC.COM,2018-08-16T23:25:23Z,M3SSB@INFORBC.COM
M3SSB@INFORBC.COM,2018-08-16T23:25:23Z,M3SSB@INFORBC.COM
M3SSB@INFORBC.COM,2018-08-16T23:25:23Z,M3SSB@INFORBC.COM
M3SSB@INFORBC.COM,2018-08-16T23:25:24Z,M3SSB@INFORBC.COM
M3SSB@INFORBC.COM,2018-08-16T23:25:24Z,M3SSB@INFORBC.COM
M3SSB@INFORBC.COM,2018-08-16T23:25:24Z,M3SSB@INFORBC.COM
M3SSB@INFORBC.COM,2018-08-16T23:25:24Z,M3SSB@INFORBC.COM
M3SSB@INFORBC.COM,2018-08-16T23:25:24Z,M3SSB@INFORBC.COM
M3SSB@INFORBC.COM,2018-08-16T23:25:25Z,M3SSB@INFORBC.COM
M3SSB@INFORBC.COM,2018-08-16T23:25:25Z,M3SSB@INFORBC.COM
M3SSB@INFORBC.COM,2018-08-16T23:25:25Z,M3SSB@INFORBC.COM
M3SSB@INFORBC.COM,2018-08-16T23:25:25Z,M3SSB@INFORBC.COM
M3SSB@INFORBC.COM,2018-08-16T23:25:25Z,M3SSB@INFORBC.COM
M3SSB@INFORBC.COM,2018-08-16T23:25:26Z,M3SSB@INFORBC.COM
M3SSB@INFORBC.COM,2018-08-16T23:25:26Z,M3SSB@INFORBC.COM
M3SSB@INFORBC.COM,2018-08-16T23:25:27Z,M3SSB@INFORBC.COM
M3SSB@INFORBC.COM,2018-08-16T23:25:27Z,M3SSB@INFORBC.COM
M3SSB@INFORBC.COM,2018-08-16T23:25:27Z,M3SSB@INFORBC.COM
M3SSB@INFORBC.COM,2018-08-16T23:25:27Z,M3SSB@INFORBC.COM
M3SSB@INFORBC.COM,2018-08-16T23:25:28Z,M3SSB@INFORBC.COM
M3SSB@INFORBC.COM,2018-08-16T23:25:28Z,M3SSB@INFORBC.COM
M3SSB@INFORBC.COM,2018-08-16T23:25:28Z,M3SSB@INFORBC.COM
M3SSB@INFORBC.COM,2018-08-16T23:25:28Z,M3SSB@INFORBC.COM
M3SSB@INFORBC.COM,2018-08-16T23:25:29Z,M3SSB@INFORBC.COM
M3SSB@INFORBC.COM,2018-08-16T23:25:29Z,M3SSB@INFORBC.COM
M3SSB@INFORBC.COM,2018-08-16T23:25:29Z,M3SSB@INFORBC.COM
M3SSB@INFORBC.COM,2018-08-16T23:25:29Z,M3SSB@INFORBC.COM
M3SSB@INFORBC.COM,2018-08-16T23:25:29Z,M3SSB@INFORBC.COM
M3SSB@INFORBC.COM,2018-08-16T23:25:30Z,M3SSB@INFORBC.COM
M3SSB@INFORBC.COM,2018-08-16T23:25:30Z,M3SSB@INFORBC.COM
M3SSB@INFORBC.COM,2018-08-16T23:25:30Z,M3SSB@INFORBC.COM
M3SSB@INFORBC.COM,2018-08-16T23:25:30Z,M3SSB@INFORBC.COM
M3SSB@INFORBC.COM,2018-08-16T23:25:30Z,M3SSB@INFORBC.COM
M3SSB@INFORBC.COM,2018-08-16T23:25:31Z,M3SSB@INFORBC.COM
M3SSB@INFORBC.COM,2018-08-16T23:25:31Z,M3SSB@INFORBC.COM
M3SSB@INFORBC.COM,2018-08-16T23:25:31Z,M3SSB@INFORBC.COM
M3SSB@INFORBC.COM,2018-08-16T23:25:31Z,M3SSB@INFORBC.COM
M3SSB@INFORBC.COM,2018-08-16T23:25:31Z,M3SSB@INFORBC.COM
M3SSB@INFORBC.COM,2018-08-16T23:25:31Z,M3SSB@INFORBC.COM
M3SSB@INFORBC.COM,2018-08-16T23:25:32Z,M3SSB@INFORBC.COM
M3SSB@INFORBC.COM,2018-08-16T23:25:32Z,M3SSB@INFORBC.COM
M3SSB@INFORBC.COM,2018-08-16T23:25:32Z,M3SSB@INFORBC.COM
M3SSB@INFORBC.COM,2018-08-16T23:25:32Z,M3SSB@INFORBC.COM
M3SSB@INFORBC.COM,2018-08-16T23:25:33Z,M3SSB@INFORBC.COM
M3SSB@INFORBC.COM,2018-08-16T23:25:33Z,M3SSB@INFORBC.COM
M3SSB@INFORBC.COM,2018-08-16T23:25:33Z,M3SSB@INFORBC.COM
M3SSB@INFORBC.COM,2018-08-16T23:25:33Z,M3SSB@INFORBC.COM
M3SSB@INFORBC.COM,2018-08-16T23:25:33Z,M3SSB@INFORBC.COM
M3SSB@INFORBC.COM,2018-08-16T23:25:34Z,M3SSB@INFORBC.COM
M3SSB@INFORBC.COM,2018-08-16T23:25:34Z,M3SSB@INFORBC.COM
M3SSB@INFORBC.COM,2018-08-16T23:25:34Z,M3SSB@INFORBC.COM
M3SSB@INFORBC.COM,2018-08-16T23:25:34Z,M3SSB@INFORBC.COM
M3SSB@INFORBC.COM,2018-08-16T23:25:34Z,M3SSB@INFORBC.COM
M3SSB@INFORBC.COM,2018-08-16T23:25:34Z,M3SSB@INFORBC.COM
M3SSB@INFORBC.COM,2018-08-16T23:25:35Z,M3SSB@INFORBC.COM
M3SSB@INFORBC.COM,2018-08-16T23:25:35Z,M3SSB@INFORBC.COM
M3SSB@INFORBC.COM,2018-08-16T23:25:35Z,M3SSB@INFORBC.COM
M3SSB@INFORBC.COM,2018-08-16T23:25:36Z,M3SSB@INFORBC.COM
M3SSB@INFORBC.COM,2018-08-16T23:25:36Z,M3SSB@INFORBC.COM
M3SSB@INFORBC.COM,2018-08-16T23:25:36Z,M3SSB@INFORBC.COM
M3SSB@INFORBC.COM,2018-08-16T23:25:36Z,M3SSB@INFORBC.COM
M3SSB@INFORBC.COM,2018-08-16T23:25:36Z,M3SSB@INFORBC.COM
M3SSB@INFORBC.COM,2018-08-16T23:25:37Z,M3SSB@INFORBC.COM
M3SSB@INFORBC.COM,2018-08-16T23:25:37Z,M3SSB@INFORBC.COM
M3SSB@INFORBC.COM,2018-08-16T23:25:37Z,M3SSB@INFORBC.COM
M3SSB@INFORBC.COM,2018-08-16T23:25:38Z,M3SSB@INFORBC.COM
M3SSB@INFORBC.COM,2018-08-16T23:25:38Z,M3SSB@INFORBC.COM
M3SSB@INFORBC.COM,2018-08-16T23:25:38Z,M3SSB@INFORBC.COM
M3SSB@INFORBC.COM,2018-08-16T23:25:38Z,M3SSB@INFORBC.COM
M3SSB@INFORBC.COM,2018-08-16T23:25:39Z,M3SSB@INFORBC.COM
M3SSB@INFORBC.COM,2018-08-16T23:25:39Z,M3SSB@INFORBC.COM
M3SSB@INFORBC.COM,2018-08-16T23:25:39Z,M3SSB@INFORBC.COM
M3SSB@INFORBC.COM,2018-08-16T23:25:39Z,M3SSB@INFORBC.COM
M3SSB@INFORBC.COM,2018-08-16T23:25:40Z,M3SSB@INFORBC.COM
M3SSB@INFORBC.COM,2018-08-16T23:25:40Z,M3SSB@INFORBC.COM
M3SSB@INFORBC.COM,2018-08-16T23:25:40Z,M3SSB@INFORBC.COM
M3SSB@INFORBC.COM,2018-08-16T23:25:41Z,M3SSB@INFORBC.COM
M3SSB@INFORBC.COM,2018-08-16T23:25:41Z,M3SSB@INFORBC.COM
M3SSB@INFORBC.COM,2018-08-16T23:25:41Z,M3SSB@INFORBC.COM
M3SSB@INFORBC.COM,2018-08-16T23:25:42Z,M3SSB@INFORBC.COM
M3SSB@INFORBC.COM,2018-08-16T23:25:42Z,M3SSB@INFORBC.COM
M3SSB@INFORBC.COM,2018-08-16T23:25:43Z,M3SSB@INFORBC.COM
M3SSB@INFORBC.COM,2018-08-16T23:25:43Z,M3SSB@INFORBC.COM
M3SSB@INFORBC.COM,2018-08-16T23:25:43Z,M3SSB@INFORBC.COM
M3SSB@INFORBC.COM,2018-08-16T23:25:43Z,M3SSB@INFORBC.COM
M3SSB@INFORBC.COM,2018-08-16T23:25:43Z,M3SSB@INFORBC.COM
M3SSB@INFORBC.COM,2018-08-16T23:25:44Z,M3SSB@INFORBC.COM
M3SSB@INFORBC.COM,2018-08-16T23:25:44Z,M3SSB@INFORBC.COM
M3SSB@INFORBC.COM,2018-08-16T23:25:44Z,M3SSB@INFORBC.COM
M3SSB@INFORBC.COM,2018-08-16T23:25:44Z,M3SSB@INFORBC.COM
M3SSB@INFORBC.COM,2018-08-16T23:25:44Z,M3SSB@INFORBC.COM
M3SSB@INFORBC.COM,2018-08-16T23:25:45Z,M3SSB@INFORBC.COM
M3SSB@INFORBC.COM,2018-08-16T23:25:45Z,M3SSB@INFORBC.COM
M3SSB@INFORBC.COM,2018-08-16T23:25:45Z,M3SSB@INFORBC.COM
M3SSB@INFORBC.COM,2018-08-16T23:25:45Z,M3SSB@INFORBC.COM
M3SSB@INFORBC.COM,2018-08-16T23:25:45Z,M3SSB@INFORBC.COM
M3SSB@INFORBC.COM,2018-08-16T23:25:46Z,M3SSB@INFORBC.COM
M3SSB@INFORBC.COM,2018-08-16T23:25:46Z,M3SSB@INFORBC.COM
M3SSB@INFORBC.COM,2018-08-16T23:25:46Z,M3SSB@INFORBC.COM
M3SSB@INFORBC.COM,2018-08-16T23:25:46Z,M3SSB@INFORBC.COM
M3SSB@INFORBC.COM,2018-08-16T23:25:46Z,M3SSB@INFORBC.COM
M3SSB@INFORBC.COM,2018-08-16T23:25:47Z,M3SSB@INFORBC.COM
M3SSB@INFORBC.COM,2018-08-16T23:25:47Z,M3SSB@INFORBC.COM
M3SSB@INFORBC.COM,2018-08-16T23:25:47Z,M3SSB@INFORBC.COM
M3SSB@INFORBC.COM,2018-08-16T23:25:47Z,M3SSB@INFORBC.COM
M3SSB@INFORBC.COM,2018-08-16T23:25:48Z,M3SSB@INFORBC.COM
M3SSB@INFORBC.COM,2018-08-16T23:25:48Z,M3SSB@INFORBC.COM
M3SSB@INFORBC.COM,2018-08-16T23:25:49Z,M3SSB@INFORBC.COM
M3SSB@INFORBC.COM,2018-08-16T23:25:49Z,M3SSB@INFORBC.COM
M3SSB@INFORBC.COM,2018-08-16T23:25:49Z,M3SSB@INFORBC.COM
M3SSB@INFORBC.COM,2018-08-16T23:25:49Z,M3SSB@INFORBC.COM
M3SSB@INFORBC.COM,2018-08-16T23:25:49Z,M3SSB@INFORBC.COM
M3SSB@INFORBC.COM,2018-08-16T23:25:50Z,M3SSB@INFORBC.COM
M3SSB@INFORBC.COM,2018-08-16T23:25:50Z,M3SSB@INFORBC.COM
M3SSB@INFORBC.COM,2018-08-16T23:25:50Z,M3SSB@INFORBC.COM
M3SSB@INFORBC.COM,2018-08-16T23:25:50Z,M3SSB@INFORBC.COM
M3SSB@INFORBC.COM,2018-08-16T23:25:51Z,M3SSB@INFORBC.COM
M3SSB@INFORBC.COM,2018-08-16T23:25:51Z,M3SSB@INFORBC.COM
M3SSB@INFORBC.COM,2018-08-16T23:25:51Z,M3SSB@INFORBC.COM
M3SSB@INFORBC.COM,2018-08-16T23:25:51Z,M3SSB@INFORBC.COM
M3SSB@INFORBC.COM,2018-08-16T23:25:52Z,M3SSB@INFORBC.COM
M3SSB@INFORBC.COM,2018-08-16T23:25:52Z,M3SSB@INFORBC.COM
M3SSB@INFORBC.COM,2018-08-16T23:25:52Z,M3SSB@INFORBC.COM
M3SSB@INFORBC.COM,2018-08-16T23:25:52Z,M3SSB@INFORBC.COM
M3SSB@INFORBC.COM,2018-08-16T23:25:52Z,M3SSB@INFORBC.COM
M3SSB@INFORBC.COM,2018-08-16T23:25:53Z,M3SSB@INFORBC.COM
M3SSB@INFORBC.COM,2018-08-16T23:25:53Z,M3SSB@INFORBC.COM
M3SSB@INFORBC.COM,2018-08-16T23:25:53Z,M3SSB@INFORBC.COM
M3SSB@INFORBC.COM,2018-08-16T23:25:53Z,M3SSB@INFORBC.COM
M3SSB@INFORBC.COM,2018-08-16T23:25:53Z,M3SSB@INFORBC.COM
M3SSB@INFORBC.COM,2018-08-16T23:25:53Z,M3SSB@INFORBC.COM
M3SSB@INFORBC.COM,2018-08-16T23:25:54Z,M3SSB@INFORBC.COM
M3SSB@INFORBC.COM,2018-08-16T23:25:54Z,M3SSB@INFORBC.COM
M3SSB@INFORBC.COM,2018-08-16T23:25:54Z,M3SSB@INFORBC.COM
M3SSB@INFORBC.COM,2018-08-16T23:25:54Z,M3SSB@INFORBC.COM
M3SSB@INFORBC.COM,2018-08-16T23:25:55Z,M3SSB@INFORBC.COM
M3SSB@INFORBC.COM,2018-08-16T23:25:55Z,M3SSB@INFORBC.COM
M3SSB@INFORBC.COM,2018-08-16T23:25:55Z,M3SSB@INFORBC.COM
M3SSB@INFORBC.COM,2018-08-16T23:25:55Z,M3SSB@INFORBC.COM
M3SSB@INFORBC.COM,2018-08-16T23:25:56Z,M3SSB@INFORBC.COM
M3SSB@INFORBC.COM,2018-08-16T23:25:56Z,M3SSB@INFORBC.COM
M3SSB@INFORBC.COM,2018-08-16T23:25:56Z,M3SSB@INFORBC.COM
M3SSB@INFORBC.COM,2018-08-16T23:25:56Z,M3SSB@INFORBC.COM
M3SSB@INFORBC.COM,2018-08-16T23:25:57Z,M3SSB@INFORBC.COM
M3SSB@INFORBC.COM,2018-08-16T23:25:57Z,M3SSB@INFORBC.COM
M3SSB@INFORBC.COM,2018-08-16T23:25:57Z,M3SSB@INFORBC.COM
M3SSB@INFORBC.COM,2018-08-16T23:25:57Z,M3SSB@INFORBC.COM
M3SSB@INFORBC.COM,2018-08-16T23:25:57Z,M3SSB@INFORBC.COM
M3SSB@INFORBC.COM,2018-08-16T23:25:58Z,M3SSB@INFORBC.COM
M3SSB@INFORBC.COM,2018-08-16T23:25:58Z,M3SSB@INFORBC.COM
M3SSB@INFORBC.COM,2018-08-16T23:25:59Z,M3SSB@INFORBC.COM
M3SSB@INFORBC.COM,2018-08-16T23:25:59Z,M3SSB@INFORBC.COM
M3SSB@INFORBC.COM,2018-08-16T23:25:59Z,M3SSB@INFORBC.COM
M3SSB@INFORBC.COM,2018-08-16T23:25:59Z,M3SSB@INFORBC.COM
M3SSB@INFORBC.COM,2018-08-16T23:26:00Z,M3SSB@INFORBC.COM
M3SSB@INFORBC.COM,2018-08-16T23:26:00Z,M3SSB@INFORBC.COM
M3SSB@INFORBC.COM,2018-08-16T23:26:00Z,M3SSB@INFORBC.COM
M3SSB@INFORBC.COM,2018-08-16T23:26:00Z,M3SSB@INFORBC.COM
M3SSB@INFORBC.COM,2018-08-16T23:26:01Z,M3SSB@INFORBC.COM
M3SSB@INFORBC.COM,2018-08-16T23:26:01Z,M3SSB@INFORBC.COM
M3SSB@INFORBC.COM,2018-08-16T23:26:01Z,M3SSB@INFORBC.COM
M3SSB@INFORBC.COM,2018-08-16T23:26:02Z,M3SSB@INFORBC.COM
M3SSB@INFORBC.COM,2018-08-16T23:26:02Z,M3SSB@INFORBC.COM
M3SSB@INFORBC.COM,2018-08-16T23:26:03Z,M3SSB@INFORBC.COM
M3SSB@INFORBC.COM,2018-08-16T23:26:03Z,M3SSB@INFORBC.COM
M3SSB@INFORBC.COM,2018-08-16T23:26:03Z,M3SSB@INFORBC.COM
M3SSB@INFORBC.COM,2018-08-16T23:26:04Z,M3SSB@INFORBC.COM
M3SSB@INFORBC.COM,2018-08-16T23:26:04Z,M3SSB@INFORBC.COM
M3SSB@INFORBC.COM,2018-08-16T23:26:04Z,M3SSB@INFORBC.COM
M3SSB@INFORBC.COM,2018-08-16T23:26:04Z,M3SSB@INFORBC.COM
M3SSB@INFORBC.COM,2018-08-16T23:26:05Z,M3SSB@INFORBC.COM
M3SSB@INFORBC.COM,2018-08-16T23:26:05Z,M3SSB@INFORBC.COM
M3SSB@INFORBC.COM,2018-08-16T23:26:05Z,M3SSB@INFORBC.COM
M3SSB@INFORBC.COM,2018-08-16T23:26:06Z,M3SSB@INFORBC.COM
M3SSB@INFORBC.COM,2018-08-16T23:26:06Z,M3SSB@INFORBC.COM
M3SSB@INFORBC.COM,2018-08-16T23:26:06Z,M3SSB@INFORBC.COM
M3SSB@INFORBC.COM,2018-08-16T23:26:06Z,M3SSB@INFORBC.COM
M3SSB@INFORBC.COM,2018-08-16T23:26:07Z,M3SSB@INFORBC.COM
M3SSB@INFORBC.COM,2018-08-16T23:26:07Z,M3SSB@INFORBC.COM
M3SSB@INFORBC.COM,2018-08-16T23:26:07Z,M3SSB@INFORBC.COM
M3SSB@INFORBC.COM,2018-08-16T23:26:07Z,M3SSB@INFORBC.COM
M3SSB@INFORBC.COM,2018-08-16T23:26:08Z,M3SSB@INFORBC.COM
M3SSB@INFORBC.COM,2018-08-16T23:26:08Z,M3SSB@INFORBC.COM
M3SSB@INFORBC.COM,2018-08-16T23:26:08Z,M3SSB@INFORBC.COM
M3SSB@INFORBC.COM,2018-08-16T23:26:09Z,M3SSB@INFORBC.COM
M3SSB@INFORBC.COM,2018-08-16T23:26:09Z,M3SSB@INFORBC.COM
M3SSB@INFORBC.COM,2018-08-16T23:26:10Z,M3SSB@INFORBC.COM
M3SSB@INFORBC.COM,2018-08-16T23:26:10Z,M3SSB@INFORBC.COM
M3SSB@INFORBC.COM,2018-08-16T23:26:10Z,M3SSB@INFORBC.COM
M3SSB@INFORBC.COM,2018-08-16T23:26:10Z,M3SSB@INFORBC.COM
M3SSB@INFORBC.COM,2018-08-16T23:26:10Z,M3SSB@INFORBC.COM
M3SSB@INFORBC.COM,2018-08-16T23:26:11Z,M3SSB@INFORBC.COM
M3SSB@INFORBC.COM,2018-08-16T23:26:11Z,M3SSB@INFORBC.COM
M3SSB@INFORBC.COM,2018-08-16T23:26:11Z,M3SSB@INFORBC.COM
M3SSB@INFORBC.COM,2018-08-16T23:26:11Z,M3SSB@INFORBC.COM
M3SSB@INFORBC.COM,2018-08-16T23:26:12Z,M3SSB@INFORBC.COM
M3SSB@INFORBC.COM,2018-08-16T23:26:12Z,M3SSB@INFORBC.COM
M3SSB@INFORBC.COM,2018-08-16T23:26:12Z,M3SSB@INFORBC.COM
M3SSB@INFORBC.COM,2018-08-16T23:26:13Z,M3SSB@INFORBC.COM
M3SSB@INFORBC.COM,2018-08-16T23:26:13Z,M3SSB@INFORBC.COM
M3SSB@INFORBC.COM,2018-08-16T23:26:13Z,M3SSB@INFORBC.COM
M3SSB@INFORBC.COM,2018-08-16T23:26:13Z,M3SSB@INFORBC.COM
M3SSB@INFORBC.COM,2018-08-16T23:26:14Z,M3SSB@INFORBC.COM
M3SSB@INFORBC.COM,2018-08-16T23:26:14Z,M3SSB@INFORBC.COM
M3SSB@INFORBC.COM,2018-08-16T23:26:14Z,M3SSB@INFORBC.COM
M3SSB@INFORBC.COM,2018-08-16T23:26:14Z,M3SSB@INFORBC.COM
M3SSB@INFORBC.COM,2018-08-16T23:26:15Z,M3SSB@INFORBC.COM
M3SSB@INFORBC.COM,2018-08-16T23:26:15Z,M3SSB@INFORBC.COM
M3SSB@INFORBC.COM,2018-08-16T23:26:15Z,M3SSB@INFORBC.COM
M3SSB@INFORBC.COM,2018-08-16T23:26:15Z,M3SSB@INFORBC.COM
M3SSB@INFORBC.COM,2018-08-16T23:26:15Z,M3SSB@INFORBC.COM
M3SSB@INFORBC.COM,2018-08-16T23:26:16Z,M3SSB@INFORBC.COM
M3SSB@INFORBC.COM,2018-08-16T23:26:16Z,M3SSB@INFORBC.COM
M3SSB@INFORBC.COM,2018-08-16T23:26:16Z,M3SSB@INFORBC.COM
M3SSB@INFORBC.COM,2018-08-16T23:26:16Z,M3SSB@INFORBC.COM
M3SSB@INFORBC.COM,2018-08-16T23:26:16Z,M3SSB@INFORBC.COM
M3SSB@INFORBC.COM,2018-08-16T23:26:17Z,M3SSB@INFORBC.COM
M3SSB@INFORBC.COM,2018-08-16T23:26:17Z,M3SSB@INFORBC.COM
M3SSB@INFORBC.COM,2018-08-16T23:26:17Z,M3SSB@INFORBC.COM
M3SSB@INFORBC.COM,2018-08-16T23:26:17Z,M3SSB@INFORBC.COM
M3SSB@INFORBC.COM,2018-08-16T23:26:17Z,M3SSB@INFORBC.COM
M3SSB@INFORBC.COM,2018-08-16T23:26:18Z,M3SSB@INFORBC.COM
M3SSB@INFORBC.COM,2018-08-16T23:26:18Z,M3SSB@INFORBC.COM
M3SSB@INFORBC.COM,2018-08-16T23:26:18Z,M3SSB@INFORBC.COM
M3SSB@INFORBC.COM,2018-08-16T23:26:18Z,M3SSB@INFORBC.COM
M3SSB@INFORBC.COM,2018-08-16T23:26:19Z,M3SSB@INFORBC.COM
M3SSB@INFORBC.COM,2018-08-16T23:26:19Z,M3SSB@INFORBC.COM
M3SSB@INFORBC.COM,2018-08-16T23:26:19Z,M3SSB@INFORBC.COM
M3SSB@INFORBC.COM,2018-08-16T23:26:20Z,M3SSB@INFORBC.COM
M3SSB@INFORBC.COM,2018-08-16T23:26:20Z,M3SSB@INFORBC.COM
M3SSB@INFORBC.COM,2018-08-16T23:26:21Z,M3SSB@INFORBC.COM
M3SSB@INFORBC.COM,2018-08-16T23:26:21Z,M3SSB@INFORBC.COM
M3SSB@INFORBC.COM,2018-08-16T23:26:21Z,M3SSB@INFORBC.COM
M3SSB@INFORBC.COM,2018-08-16T23:26:21Z,M3SSB@INFORBC.COM
M3SSB@INFORBC.COM,2018-08-16T23:26:22Z,M3SSB@INFORBC.COM
M3SSB@INFORBC.COM,2018-08-16T23:26:22Z,M3SSB@INFORBC.COM
M3SSB@INFORBC.COM,2018-08-16T23:26:22Z,M3SSB@INFORBC.COM
M3SSB@INFORBC.COM,2018-08-16T23:26:22Z,M3SSB@INFORBC.COM
M3SSB@INFORBC.COM,2018-08-16T23:26:23Z,M3SSB@INFORBC.COM
M3SSB@INFORBC.COM,2018-08-16T23:26:23Z,M3SSB@INFORBC.COM
M3SSB@INFORBC.COM,2018-08-16T23:26:23Z,M3SSB@INFORBC.COM
M3SSB@INFORBC.COM,2018-08-16T23:26:23Z,M3SSB@INFORBC.COM
M3SSB@INFORBC.COM,2018-08-16T23:26:23Z,M3SSB@INFORBC.COM
M3SSB@INFORBC.COM,2018-08-16T23:26:24Z,M3SSB@INFORBC.COM
M3SSB@INFORBC.COM,2018-08-16T23:26:24Z,M3SSB@INFORBC.COM
M3SSB@INFORBC.COM,2018-08-16T23:26:24Z,M3SSB@INFORBC.COM
M3SSB@INFORBC.COM,2018-08-16T23:26:24Z,M3SSB@INFORBC.COM
M3SSB@INFORBC.COM,2018-08-16T23:26:24Z,M3SSB@INFORBC.COM
M3SSB@INFORBC.COM,2018-08-16T23:26:25Z,M3SSB@INFORBC.COM
M3SSB@INFORBC.COM,2018-08-16T23:26:25Z,M3SSB@INFORBC.COM
M3SSB@INFORBC.COM,2018-08-16T23:26:25Z,M3SSB@INFORBC.COM
M3SSB@INFORBC.COM,2018-08-16T23:26:25Z,M3SSB@INFORBC.COM
M3SSB@INFORBC.COM,2018-08-16T23:26:25Z,M3SSB@INFORBC.COM
M3SSB@INFORBC.COM,2018-08-16T23:26:26Z,M3SSB@INFORBC.COM
M3SSB@INFORBC.COM,2018-08-16T23:26:26Z,M3SSB@INFORBC.COM
M3SSB@INFORBC.COM,2018-08-16T23:26:26Z,M3SSB@INFORBC.COM
M3SSB@INFORBC.COM,2018-08-16T23:26:27Z,M3SSB@INFORBC.COM
M3SSB@INFORBC.COM,2018-08-16T23:26:27Z,M3SSB@INFORBC.COM
M3SSB@INFORBC.COM,2018-08-16T23:26:28Z,M3SSB@INFORBC.COM
M3SSB@INFORBC.COM,2018-08-16T23:26:28Z,M3SSB@INFORBC.COM
M3SSB@INFORBC.COM,2018-08-16T23:26:28Z,M3SSB@INFORBC.COM
M3SSB@INFORBC.COM,2018-08-16T23:26:28Z,M3SSB@INFORBC.COM
M3SSB@INFORBC.COM,2018-08-16T23:26:28Z,M3SSB@INFORBC.COM
M3SSB@INFORBC.COM,2018-08-16T23:26:29Z,M3SSB@INFORBC.COM
M3SSB@INFORBC.COM,2018-08-16T23:26:29Z,M3SSB@INFORBC.COM
M3SSB@INFORBC.COM,2018-08-16T23:26:30Z,M3SSB@INFORBC.COM
M3SSB@INFORBC.COM,2018-08-16T23:26:30Z,M3SSB@INFORBC.COM
M3SSB@INFORBC.COM,2018-08-16T23:26:31Z,M3SSB@INFORBC.COM
M3SSB@INFORBC.COM,2018-08-16T23:26:31Z,M3SSB@INFORBC.COM
M3SSB@INFORBC.COM,2018-08-16T23:26:31Z,M3SSB@INFORBC.COM
M3SSB@INFORBC.COM,2018-08-16T23:26:31Z,M3SSB@INFORBC.COM
M3SSB@INFORBC.COM,2018-08-16T23:26:32Z,M3SSB@INFORBC.COM
M3SSB@INFORBC.COM,2018-08-16T23:26:32Z,M3SSB@INFORBC.COM
M3SSB@INFORBC.COM,2018-08-16T23:26:32Z,M3SSB@INFORBC.COM
M3SSB@INFORBC.COM,2018-08-16T23:26:32Z,M3SSB@INFORBC.COM
M3SSB@INFORBC.COM,2018-08-16T23:26:33Z,M3SSB@INFORBC.COM
M3SSB@INFORBC.COM,2018-08-16T23:26:33Z,M3SSB@INFORBC.COM
M3SSB@INFORBC.COM,2018-08-16T23:26:33Z,M3SSB@INFORBC.COM
M3SSB@INFORBC.COM,2018-08-16T23:26:33Z,M3SSB@INFORBC.COM
M3SSB@INFORBC.COM,2018-08-16T23:26:33Z,M3SSB@INFORBC.COM
M3SSB@INFORBC.COM,2018-08-16T23:26:33Z,M3SSB@INFORBC.COM
M3SSB@INFORBC.COM,2018-08-16T23:26:34Z,M3SSB@INFORBC.COM
M3SSB@INFORBC.COM,2018-08-16T23:26:34Z,M3SSB@INFORBC.COM
M3SSB@INFORBC.COM,2018-08-16T23:26:34Z,M3SSB@INFORBC.COM
M3SSB@INFORBC.COM,2018-08-16T23:26:34Z,M3SSB@INFORBC.COM
M3SSB@INFORBC.COM,2018-08-16T23:26:34Z,M3SSB@INFORBC.COM
M3SSB@INFORBC.COM,2018-08-16T23:26:35Z,M3SSB@INFORBC.COM
M3SSB@INFORBC.COM,2018-08-16T23:26:35Z,M3SSB@INFORBC.COM
M3SSB@INFORBC.COM,2018-08-16T23:26:35Z,M3SSB@INFORBC.COM
M3SSB@INFORBC.COM,2018-08-16T23:26:35Z,M3SSB@INFORBC.COM
M3SSB@INFORBC.COM,2018-08-16T23:26:35Z,M3SSB@INFORBC.COM
M3SSB@INFORBC.COM,2018-08-16T23:26:36Z,M3SSB@INFORBC.COM
M3SSB@INFORBC.COM,2018-08-16T23:26:36Z,M3SSB@INFORBC.COM
M3SSB@INFORBC.COM,2018-08-16T23:26:36Z,M3SSB@INFORBC.COM
M3SSB@INFORBC.COM,2018-08-16T23:26:37Z,M3SSB@INFORBC.COM
M3SSB@INFORBC.COM,2018-08-16T23:26:37Z,M3SSB@INFORBC.COM
M3SSB@INFORBC.COM,2018-08-16T23:26:37Z,M3SSB@INFORBC.COM
M3SSB@INFORBC.COM,2018-08-16T23:26:37Z,M3SSB@INFORBC.COM
M3SSB@INFORBC.COM,2018-08-16T23:26:37Z,M3SSB@INFORBC.COM
M3SSB@INFORBC.COM,2018-08-16T23:26:38Z,M3SSB@INFORBC.COM
M3SSB@INFORBC.COM,2018-08-16T23:26:38Z,M3SSB@INFORBC.COM
M3SSB@INFORBC.COM,2018-08-16T23:26:38Z,M3SSB@INFORBC.COM
M3SSB@INFORBC.COM,2018-08-16T23:26:38Z,M3SSB@INFORBC.COM
M3SSB@INFORBC.COM,2018-08-16T23:26:38Z,M3SSB@INFORBC.COM
M3SSB@INFORBC.COM,2018-08-16T23:26:38Z,M3SSB@INFORBC.COM
M3SSB@INFORBC.COM,2018-08-16T23:26:39Z,M3SSB@INFORBC.COM
M3SSB@INFORBC.COM,2018-08-16T23:26:39Z,M3SSB@INFORBC.COM
M3SSB@INFORBC.COM,2018-08-16T23:26:39Z,M3SSB@INFORBC.COM
M3SSB@INFORBC.COM,2018-08-16T23:26:39Z,M3SSB@INFORBC.COM
M3SSB@INFORBC.COM,2018-08-16T23:26:39Z,M3SSB@INFORBC.COM
M3SSB@INFORBC.COM,2018-08-16T23:26:40Z,M3SSB@INFORBC.COM
M3SSB@INFORBC.COM,2018-08-16T23:26:40Z,M3SSB@INFORBC.COM
M3SSB@INFORBC.COM,2018-08-16T23:26:40Z,M3SSB@INFORBC.COM
M3SSB@INFORBC.COM,2018-08-16T23:26:40Z,M3SSB@INFORBC.COM
M3SSB@INFORBC.COM,2018-08-16T23:26:40Z,M3SSB@INFORBC.COM
M3SSB@INFORBC.COM,2018-08-16T23:26:41Z,M3SSB@INFORBC.COM
M3SSB@INFORBC.COM,2018-08-16T23:26:41Z,M3SSB@INFORBC.COM
M3SSB@INFORBC.COM,2018-08-16T23:26:41Z,M3SSB@INFORBC.COM
M3SSB@INFORBC.COM,2018-08-16T23:26:42Z,M3SSB@INFORBC.COM
M3SSB@INFORBC.COM,2018-08-16T23:26:42Z,M3SSB@INFORBC.COM
M3SSB@INFORBC.COM,2018-08-16T23:26:42Z,M3SSB@INFORBC.COM
M3SSB@INFORBC.COM,2018-08-16T23:26:42Z,M3SSB@INFORBC.COM
M3SSB@INFORBC.COM,2018-08-16T23:26:43Z,M3SSB@INFORBC.COM
M3SSB@INFORBC.COM,2018-08-16T23:26:43Z,M3SSB@INFORBC.COM
M3SSB@INFORBC.COM,2018-08-16T23:26:43Z,M3SSB@INFORBC.COM
M3SSB@INFORBC.COM,2018-08-16T23:26:43Z,M3SSB@INFORBC.COM
M3SSB@INFORBC.COM,2018-08-16T23:26:44Z,M3SSB@INFORBC.COM
M3SSB@INFORBC.COM,2018-08-16T23:26:44Z,M3SSB@INFORBC.COM
M3SSB@INFORBC.COM,2018-08-16T23:26:44Z,M3SSB@INFORBC.COM
M3SSB@INFORBC.COM,2018-08-16T23:26:45Z,M3SSB@INFORBC.COM
M3SSB@INFORBC.COM,2018-08-16T23:26:45Z,M3SSB@INFORBC.COM
M3SSB@INFORBC.COM,2018-08-16T23:26:45Z,M3SSB@INFORBC.COM
M3SSB@INFORBC.COM,2018-08-16T23:26:45Z,M3SSB@INFORBC.COM
M3SSB@INFORBC.COM,2018-08-16T23:26:45Z,M3SSB@INFORBC.COM
M3SSB@INFORBC.COM,2018-08-16T23:26:46Z,M3SSB@INFORBC.COM
M3SSB@INFORBC.COM,2018-08-16T23:26:46Z,M3SSB@INFORBC.COM
M3SSB@INFORBC.COM,2018-08-16T23:26:46Z,M3SSB@INFORBC.COM
M3SSB@INFORBC.COM,2018-08-16T23:26:46Z,M3SSB@INFORBC.COM
M3SSB@INFORBC.COM,2018-08-16T23:26:46Z,M3SSB@INFORBC.COM
M3SSB@INFORBC.COM,2018-08-16T23:26:46Z,M3SSB@INFORBC.COM
M3SSB@INFORBC.COM,2018-08-16T23:26:47Z,M3SSB@INFORBC.COM
M3SSB@INFORBC.COM,2018-08-16T23:26:47Z,M3SSB@INFORBC.COM
M3SSB@INFORBC.COM,2018-08-16T23:26:47Z,M3SSB@INFORBC.COM
M3SSB@INFORBC.COM,2018-08-16T23:26:47Z,M3SSB@INFORBC.COM
M3SSB@INFORBC.COM,2018-08-16T23:26:48Z,M3SSB@INFORBC.COM
M3SSB@INFORBC.COM,2018-08-16T23:26:48Z,M3SSB@INFORBC.COM
M3SSB@INFORBC.COM,2018-08-16T23:26:48Z,M3SSB@INFORBC.COM
M3SSB@INFORBC.COM,2018-08-16T23:26:49Z,M3SSB@INFORBC.COM
M3SSB@INFORBC.COM,2018-08-16T23:26:49Z,M3SSB@INFORBC.COM
M3SSB@INFORBC.COM,2018-08-16T23:26:49Z,M3SSB@INFORBC.COM
M3SSB@INFORBC.COM,2018-08-16T23:26:49Z,M3SSB@INFORBC.COM
M3SSB@INFORBC.COM,2018-08-16T23:26:49Z,M3SSB@INFORBC.COM
M3SSB@INFORBC.COM,2018-08-16T23:26:50Z,M3SSB@INFORBC.COM
M3SSB@INFORBC.COM,2018-08-16T23:26:50Z,M3SSB@INFORBC.COM
M3SSB@INFORBC.COM,2018-08-16T23:26:50Z,M3SSB@INFORBC.COM
M3SSB@INFORBC.COM,2018-08-16T23:26:50Z,M3SSB@INFORBC.COM
M3SSB@INFORBC.COM,2018-08-16T23:26:50Z,M3SSB@INFORBC.COM
M3SSB@INFORBC.COM,2018-08-16T23:26:51Z,M3SSB@INFORBC.COM
M3SSB@INFORBC.COM,2018-08-16T23:26:51Z,M3SSB@INFORBC.COM
M3SSB@INFORBC.COM,2018-08-16T23:26:51Z,M3SSB@INFORBC.COM
M3SSB@INFORBC.COM,2018-08-16T23:26:51Z,M3SSB@INFORBC.COM
M3SSB@INFORBC.COM,2018-08-16T23:26:51Z,M3SSB@INFORBC.COM
M3SSB@INFORBC.COM,2018-08-16T23:26:52Z,M3SSB@INFORBC.COM
M3SSB@INFORBC.COM,2018-08-16T23:26:52Z,M3SSB@INFORBC.COM
M3SSB@INFORBC.COM,2018-08-16T23:26:52Z,M3SSB@INFORBC.COM
M3SSB@INFORBC.COM,2018-08-16T23:26:52Z,M3SSB@INFORBC.COM
M3SSB@INFORBC.COM,2018-08-16T23:26:53Z,M3SSB@INFORBC.COM
M3SSB@INFORBC.COM,2018-08-16T23:26:53Z,M3SSB@INFORBC.COM
M3SSB@INFORBC.COM,2018-08-16T23:26:53Z,M3SSB@INFORBC.COM
M3SSB@INFORBC.COM,2018-08-16T23:26:53Z,M3SSB@INFORBC.COM
M3SSB@INFORBC.COM,2018-08-16T23:26:53Z,M3SSB@INFORBC.COM
M3SSB@INFORBC.COM,2018-08-16T23:26:54Z,M3SSB@INFORBC.COM
M3SSB@INFORBC.COM,2018-08-16T23:26:54Z,M3SSB@INFORBC.COM
M3SSB@INFORBC.COM,2018-08-16T23:26:54Z,M3SSB@INFORBC.COM
M3SSB@INFORBC.COM,2018-08-16T23:26:54Z,M3SSB@INFORBC.COM
M3SSB@INFORBC.COM,2018-08-16T23:26:55Z,M3SSB@INFORBC.COM
M3SSB@INFORBC.COM,2018-08-16T23:26:55Z,M3SSB@INFORBC.COM
M3SSB@INFORBC.COM,2018-08-16T23:26:55Z,M3SSB@INFORBC.COM
M3SSB@INFORBC.COM,2018-08-16T23:26:56Z,M3SSB@INFORBC.COM
M3SSB@INFORBC.COM,2018-08-16T23:26:56Z,M3SSB@INFORBC.COM
M3SSB@INFORBC.COM,2018-08-16T23:26:56Z,M3SSB@INFORBC.COM
M3SSB@INFORBC.COM,2018-08-16T23:26:57Z,M3SSB@INFORBC.COM
M3SSB@INFORBC.COM,2018-08-16T23:26:57Z,M3SSB@INFORBC.COM
M3SSB@INFORBC.COM,2018-08-16T23:26:57Z,M3SSB@INFORBC.COM
M3SSB@INFORBC.COM,2018-08-16T23:26:57Z,M3SSB@INFORBC.COM
M3SSB@INFORBC.COM,2018-08-16T23:26:57Z,M3SSB@INFORBC.COM
M3SSB@INFORBC.COM,2018-08-16T23:26:58Z,M3SSB@INFORBC.COM
M3SSB@INFORBC.COM,2018-08-16T23:26:58Z,M3SSB@INFORBC.COM
M3SSB@INFORBC.COM,2018-08-16T23:26:58Z,M3SSB@INFORBC.COM
M3SSB@INFORBC.COM,2018-08-16T23:26:58Z,M3SSB@INFORBC.COM
M3SSB@INFORBC.COM,2018-08-16T23:26:59Z,M3SSB@INFORBC.COM
M3SSB@INFORBC.COM,2018-08-16T23:26:59Z,M3SSB@INFORBC.COM
M3SSB@INFORBC.COM,2018-08-16T23:26:59Z,M3SSB@INFORBC.COM
M3SSB@INFORBC.COM,2018-08-16T23:26:59Z,M3SSB@INFORBC.COM
M3SSB@INFORBC.COM,2018-08-16T23:27:00Z,M3SSB@INFORBC.COM
M3SSB@INFORBC.COM,2018-08-16T23:27:00Z,M3SSB@INFORBC.COM
M3SSB@INFORBC.COM,2018-08-16T23:27:00Z,M3SSB@INFORBC.COM
M3SSB@INFORBC.COM,2018-08-16T23:27:00Z,M3SSB@INFORBC.COM
M3SSB@INFORBC.COM,2018-08-16T23:27:00Z,M3SSB@INFORBC.COM
M3SSB@INFORBC.COM,2018-08-16T23:27:01Z,M3SSB@INFORBC.COM
M3SSB@INFORBC.COM,2018-08-16T23:27:01Z,M3SSB@INFORBC.COM
M3SSB@INFORBC.COM,2018-08-16T23:27:01Z,M3SSB@INFORBC.COM
M3SSB@INFORBC.COM,2018-08-16T23:27:01Z,M3SSB@INFORBC.COM
M3SSB@INFORBC.COM,2018-08-16T23:27:02Z,M3SSB@INFORBC.COM
M3SSB@INFORBC.COM,2018-08-16T23:27:02Z,M3SSB@INFORBC.COM
M3SSB@INFORBC.COM,2018-08-16T23:27:03Z,M3SSB@INFORBC.COM
M3SSB@INFORBC.COM,2018-08-16T23:27:03Z,M3SSB@INFORBC.COM
M3SSB@INFORBC.COM,2018-08-16T23:27:03Z,M3SSB@INFORBC.COM
M3SSB@INFORBC.COM,2018-08-16T23:27:03Z,M3SSB@INFORBC.COM
M3SSB@INFORBC.COM,2018-08-16T23:27:03Z,M3SSB@INFORBC.COM
M3SSB@INFORBC.COM,2018-08-16T23:27:03Z,M3SSB@INFORBC.COM
M3SSB@INFORBC.COM,2018-08-16T23:27:04Z,M3SSB@INFORBC.COM
M3SSB@INFORBC.COM,2018-08-16T23:27:04Z,M3SSB@INFORBC.COM
M3SSB@INFORBC.COM,2018-08-16T23:27:04Z,M3SSB@INFORBC.COM
M3SSB@INFORBC.COM,2018-08-16T23:27:04Z,M3SSB@INFORBC.COM
M3SSB@INFORBC.COM,2018-08-16T23:27:05Z,M3SSB@INFORBC.COM
M3SSB@INFORBC.COM,2018-08-16T23:27:05Z,M3SSB@INFORBC.COM
M3SSB@INFORBC.COM,2018-08-16T23:27:05Z,M3SSB@INFORBC.COM
M3SSB@INFORBC.COM,2018-08-16T23:27:05Z,M3SSB@INFORBC.COM
M3SSB@INFORBC.COM,2018-08-16T23:27:06Z,M3SSB@INFORBC.COM
M3SSB@INFORBC.COM,2018-08-16T23:27:06Z,M3SSB@INFORBC.COM
M3SSB@INFORBC.COM,2018-08-16T23:27:06Z,M3SSB@INFORBC.COM
M3SSB@INFORBC.COM,2018-08-16T23:27:06Z,M3SSB@INFORBC.COM
M3SSB@INFORBC.COM,2018-08-16T23:27:06Z,M3SSB@INFORBC.COM
M3SSB@INFORBC.COM,2018-08-16T23:27:07Z,M3SSB@INFORBC.COM
M3SSB@INFORBC.COM,2018-08-16T23:27:07Z,M3SSB@INFORBC.COM
M3SSB@INFORBC.COM,2018-08-16T23:27:07Z,M3SSB@INFORBC.COM
M3SSB@INFORBC.COM,2018-08-16T23:27:07Z,M3SSB@INFORBC.COM
M3SSB@INFORBC.COM,2018-08-16T23:27:07Z,M3SSB@INFORBC.COM
M3SSB@INFORBC.COM,2018-08-16T23:27:08Z,M3SSB@INFORBC.COM
M3SSB@INFORBC.COM,2018-08-16T23:27:08Z,M3SSB@INFORBC.COM
M3SSB@INFORBC.COM,2018-08-16T23:27:08Z,M3SSB@INFORBC.COM
M3SSB@INFORBC.COM,2018-08-16T23:27:08Z,M3SSB@INFORBC.COM
M3SSB@INFORBC.COM,2018-08-16T23:27:08Z,M3SSB@INFORBC.COM
M3SSB@INFORBC.COM,2018-08-16T23:27:08Z,M3SSB@INFORBC.COM
M3SSB@INFORBC.COM,2018-08-16T23:27:08Z,M3SSB@INFORBC.COM
M3SSB@INFORBC.COM,2018-08-16T23:27:09Z,M3SSB@INFORBC.COM
M3SSB@INFORBC.COM,2018-08-16T23:27:09Z,M3SSB@INFORBC.COM
M3SSB@INFORBC.COM,2018-08-16T23:27:09Z,M3SSB@INFORBC.COM
M3SSB@INFORBC.COM,2018-08-16T23:27:09Z,M3SSB@INFORBC.COM
M3SSB@INFORBC.COM,2018-08-16T23:27:09Z,M3SSB@INFORBC.COM
M3SSB@INFORBC.COM,2018-08-16T23:27:10Z,M3SSB@INFORBC.COM
M3SSB@INFORBC.COM,2018-08-16T23:27:10Z,M3SSB@INFORBC.COM
M3SSB@INFORBC.COM,2018-08-16T23:27:10Z,M3SSB@INFORBC.COM
M3SSB@INFORBC.COM,2018-08-16T23:27:10Z,M3SSB@INFORBC.COM
M3SSB@INFORBC.COM,2018-08-16T23:27:10Z,M3SSB@INFORBC.COM
M3SSB@INFORBC.COM,2018-08-16T23:27:11Z,M3SSB@INFORBC.COM
M3SSB@INFORBC.COM,2018-08-16T23:27:11Z,M3SSB@INFORBC.COM
M3SSB@INFORBC.COM,2018-08-16T23:27:11Z,M3SSB@INFORBC.COM
M3SSB@INFORBC.COM,2018-08-16T23:27:12Z,M3SSB@INFORBC.COM
M3SSB@INFORBC.COM,2018-08-16T23:27:12Z,M3SSB@INFORBC.COM
M3SSB@INFORBC.COM,2018-08-16T23:27:12Z,M3SSB@INFORBC.COM
M3SSB@INFORBC.COM,2018-08-16T23:27:12Z,M3SSB@INFORBC.COM
M3SSB@INFORBC.COM,2018-08-16T23:27:12Z,M3SSB@INFORBC.COM
M3SSB@INFORBC.COM,2018-08-16T23:27:12Z,M3SSB@INFORBC.COM
M3SSB@INFORBC.COM,2018-08-16T23:27:13Z,M3SSB@INFORBC.COM
M3SSB@INFORBC.COM,2018-08-16T23:27:13Z,M3SSB@INFORBC.COM
M3SSB@INFORBC.COM,2018-08-16T23:27:13Z,M3SSB@INFORBC.COM
M3SSB@INFORBC.COM,2018-08-16T23:27:14Z,M3SSB@INFORBC.COM
M3SSB@INFORBC.COM,2018-08-16T23:27:14Z,M3SSB@INFORBC.COM
M3SSB@INFORBC.COM,2018-08-16T23:27:14Z,M3SSB@INFORBC.COM
M3SSB@INFORBC.COM,2018-08-16T23:27:14Z,M3SSB@INFORBC.COM
M3SSB@INFORBC.COM,2018-08-16T23:27:14Z,M3SSB@INFORBC.COM
M3SSB@INFORBC.COM,2018-08-16T23:27:15Z,M3SSB@INFORBC.COM
M3SSB@INFORBC.COM,2018-08-16T23:27:15Z,M3SSB@INFORBC.COM
M3SSB@INFORBC.COM,2018-08-16T23:27:15Z,M3SSB@INFORBC.COM
M3SSB@INFORBC.COM,2018-08-16T23:27:15Z,M3SSB@INFORBC.COM
M3SSB@INFORBC.COM,2018-08-16T23:27:16Z,M3SSB@INFORBC.COM
M3SSB@INFORBC.COM,2018-08-16T23:27:16Z,M3SSB@INFORBC.COM
M3SSB@INFORBC.COM,2018-08-16T23:27:16Z,M3SSB@INFORBC.COM
M3SSB@INFORBC.COM,2018-08-16T23:27:16Z,M3SSB@INFORBC.COM
M3SSB@INFORBC.COM,2018-08-16T23:27:17Z,M3SSB@INFORBC.COM
M3SSB@INFORBC.COM,2018-08-16T23:27:17Z,M3SSB@INFORBC.COM
M3SSB@INFORBC.COM,2018-08-16T23:27:17Z,M3SSB@INFORBC.COM
M3SSB@INFORBC.COM,2018-08-16T23:27:17Z,M3SSB@INFORBC.COM
M3SSB@INFORBC.COM,2018-08-16T23:27:18Z,M3SSB@INFORBC.COM
M3SSB@INFORBC.COM,2018-08-16T23:27:18Z,M3SSB@INFORBC.COM
M3SSB@INFORBC.COM,2018-08-16T23:27:18Z,M3SSB@INFORBC.COM
M3SSB@INFORBC.COM,2018-08-16T23:27:18Z,M3SSB@INFORBC.COM
M3SSB@INFORBC.COM,2018-08-16T23:27:19Z,M3SSB@INFORBC.COM
M3SSB@INFORBC.COM,2018-08-16T23:27:19Z,M3SSB@INFORBC.COM
M3SSB@INFORBC.COM,2018-08-16T23:27:19Z,M3SSB@INFORBC.COM
M3SSB@INFORBC.COM,2018-08-16T23:27:19Z,M3SSB@INFORBC.COM
M3SSB@INFORBC.COM,2018-08-16T23:27:19Z,M3SSB@INFORBC.COM
M3SSB@INFORBC.COM,2018-08-16T23:27:19Z,M3SSB@INFORBC.COM
M3SSB@INFORBC.COM,2018-08-16T23:27:20Z,M3SSB@INFORBC.COM
M3SSB@INFORBC.COM,2018-08-16T23:27:20Z,M3SSB@INFORBC.COM
M3SSB@INFORBC.COM,2018-08-16T23:27:20Z,M3SSB@INFORBC.COM
M3SSB@INFORBC.COM,2018-08-16T23:27:21Z,M3SSB@INFORBC.COM
M3SSB@INFORBC.COM,2018-08-16T23:27:21Z,M3SSB@INFORBC.COM
M3SSB@INFORBC.COM,2018-08-16T23:27:21Z,M3SSB@INFORBC.COM
